아이디,리뷰어 등급,작성 날짜,옵션1,옵션2,상품 사이즈,퀄리티,색감,키,몸무게,사이즈,리뷰내용
X9iZ1VpK,상위 5%,24.11.14,아이보리,코코아,정사이즈예요,아주 만족해요,화면과 비슷해요,151cm,50kg,상의 55,"1+1이니 안 살 이유가 없죠 ??
화이트와 인디핑크를 사려다가 무채색의 옷이 너무 없어서 무난한 코코아를 샀는데 선택 나이스 .. 🤎
차분하면서도 분위기 있는 색감!! 딱 가을과 어울리는 🍂
재질은 진짜진짜진짜 보들보들 ㅠㅠ
숨 쉴 틈 없이 촥 달라붙는 게 아닌 적당히 달라붙되 핏은 살려주는 옷이라서 휘뚤마뚤 잘 입을 수 있어요!
이너티로는 물론, 봄가을부터 초겨울까지는 단독으로 입어도 매우 예쁜 티 😉

비침 정도 확인해주세요!!
소라색 속옷 입었을 때의 이 정도 비침!
검정색 같은 어두운 계열의 속옷을 입으면 당연 더 비치겠죠?
근데 전 이 정도 비침은 별 거 아니란 생각으로 잘 입습니다 유교걸이신 분들은 신중히 고민해보셔요!"
03ZU50mf,상위 15%,24.11.04,아이보리,블랙,정사이즈예요,아주 만족해요,화면과 비슷해요,,,,비치긴하지만 이너로 입으려고 산거라서 딱 좋아요 너무 두꺼워도 부해보여서 잘안입는데 얇아서 따뜻하구 조습니당 ㅎㅎ 부드러운거 좋어하는데 부드러워서 더 좋아요 가격도 착해요 ~
IlNH9DOx,상위 1%,24.02.20,아이보리,코코아,정사이즈예요,아주 만족해요,화면보다 어두워요,170cm,55kg,상의 55,"촉감도 부드럽고 촉촉해서 좋아요!! 목부분이 얼굴넣을때 조금 낑기긴 하지만 이너로 입기 아주 좋슴니다 ㅎㅎㅎㅎ
코코아는 사진에있는 색감과 비슷해요!! 표기 사진보다 조금더 어두운것같아욥! 아이보리는 노란끼 쪼끔 가미됀 화이트같아요!! 당연히 속옷 비쳐서 이너로 입는게 좋습니당! 코코아는 색은 안비치지만 속옷 라인이 보이는 편이에요"
jn21***,,24.02.14,소라,블랙,작아요,보통이에요,화면보다 밝아요,156cm,45kg,상의 44,"소라색 목폴라티를 찾고 있었는데 제가 찾는 색이랑 여기 쇼핑몰이 가장 흡사해보여서 여기서 샀어요! 근데 화면보단 조금 더 채도있는 소라색인것 같습니다! 
 질은 아직 세탁을 안 해봐서 모르겠지만 보들보들하고 잘 늘어나는 재질이네요. 기대를 안 해서 그런가 생각보다 좋은 것 같아요! 
 사이즈는 저한텐 내복처럼 꽉 쪼이거나 그렇게 달라붙진 않아요! 다만 제가 팔이 짧은 편인데도 사진처럼 딱맞아요ㅠㅠ 저보다 키가 크거나 팔이 긴 분들은 짧을수도 있을 것 같네요 전 좀 긴걸 원했는데.. 쩝 아깝네유

그래도 가격이 저렴해서...가격대비 살만합니다!!"
WelCwzCn,,24.01.28,블랙,아이보리,정사이즈예요,보통이에요,화면과 비슷해요,160cm,50kg,상의 55,"소재도 부들부들하고 이 가격이 1+1이라니 가성비 대박입니다 !! 다만 손이 저정도 비칠 정도의 두께이고 한겨울에 조끼 안에 입기에는 추울거 같아요~
가디건이나 티셔츠 안에 입는 용도로 좋을거 같습니다 ~"
R3LOKjuL,상위 15%,24.11.24,블랙,코코아,정사이즈예요,아주 만족해요,화면과 비슷해요,155cm,48kg,상의 55,얇고 부드러워서 이너로 입기에 너무 좋아요. 가격이 착해서 기대 안했는데 부드럽고 세탁했는데도 보풀이 일어나지 않았어요. 목도 적당히 신축성 좋아서 편하게 입을 수 있는 이너 목폴라 해요.
q8ocCghh,상위 15%,24.02.17,먹색,블랙,정사이즈예요,아주 만족해요,화면과 비슷해요,163cm,57kg,상의 66,"부들부들하고 잘 늘어나서 좋아요. 팔이 자꾸 올라가는게 좀 그렇긴 한데 그래도 짧진 않네요.
목을 너무 조이는 것 같은 느낌도 싫고 어정쩡한 느낌도 싫어하는데 둘다 아니라서 맘에 듭니다!"
qls6**,,24.01.08,블랙,연그레이,정사이즈예요,아주 만족해요,화면과 비슷해요,,,,둘다 색깔은 예상한 그대로 왔고 재질도 좋고 부드러워요. 근데 생각한거보다 좀 더 얇더라구요! 검은색을 입었는데도 안에가 많이 비쳐요. 근데 안에 나시랑 입으면 또 괜찮아서 전 좋았어요!
V3WcV3g8,,23.12.28,아이보리,소라,정사이즈예요,아주 만족해요,화면보다 밝아요,164cm,63kg,상의 55,"소라,아이보리 구매했어요.
아이보리는 자연광에서도 속옷 비침 있어서 단독으로는 못입구요 소라색은 자연광 쎄게 받으면 2번 사진처럼 속옴 비침 있으니 참고하세용
소재가 부들부들 차르륵 소재라서 안에 이너로 입기 너무 좋아요! 겨울에 목티 없으면 안되는 목티처돌이라 이런 소재 너무 사랑합니다. 검정으로 두개 쟁여놔야겠어요ㅋ
다만 소라색은 옷 냄새가 좀 나네요 받자마자 손세탁 필"
BJsA0U8G,,23.12.21,아이보리,브라운,정사이즈예요,아주 만족해요,화면과 비슷해요,,,,"생각했던거보다 더 부들부들하고 좋아요 편하고 따뜻해서 잘 입고 다녀요 다만 저보다 체격이 더 있으시면 작을 수도 있을 것 같습니다 .. 구김이 심하긴한데 이너로 입을거라 상관없을 듯 해요
아이보리는 배꼽까지 그냥 비치고요 브라운은 속옷실루엣이 보이긴 해요"
w애옹w,상위 1%,23.11.26,아이보리,아이보리,정사이즈예요,아주 만족해요,화면과 비슷해요,160cm,52kg,상의 55,"구매 색상 : 블랙 하나 아이보리 하나 하려다가 아이보리로 두 개 골랐어요. 시간이 지나면 바래지는 게 새로 살 때가 되었더라고요.

포장 상태 : 과대포장 없이 투명 비닐 하나에 개별 포장해서 회색 택배 비닐에 담겨 왔어요.

착용해 보니, 소매 기장감 손목까지라 딱 좋고요. 목은 살짝 조이는 감이 있어요. 얇은 재질이라 어두운 속옷을 입으면 비치고, 모달까지의 부드러움은 아닌데 입었을 때 감촉이 좋아서 만족스럽습니다.

안에 받쳐입을 때 딱 좋을 핏인 새하얀 목폴라입니다!"
C5gejabQ,,23.11.19,청록,블랙,정사이즈예요,아주 만족해요,화면과 비슷해요,165cm,61kg,상의 55,"똥뙈지인데오.널널하고. 입었을때
진짜 편해요 >< 재질도 넘좋고 입고벗을때 목 안낑겨요 
길이는 만세하면 좀 올라가는데 (제가허리가 길어요)
크롭아니고 길이감딱좋아요:) 진짜 최애템!!!!"
mKJNaxYY,,22.11.14,먹색,코코아,정사이즈예요,보통이에요,화면과 비슷해요,158cm,52kg,상의 55,"색깔은 업체에서 올려준 사진하고 똑같습니다.
전반적으로 핏도 괜찮아서 작년에 화이트 검정 구매하고 올해 다른 색으로 또 구매해요.
다만 이번에 화이트 검정을 다른 업체에서 사보니, 확실히 여기 목폴라가 광택이 좀 번뜩이긴 하네요 ㅎㅎ 다음번 재구매는 잘 모르겠지만... 이 색깔은 여기가 독보적이라 구매할수도..."
KFHXgzZT,,22.03.25,크림,블랙,정사이즈예요,보통이에요,화면과 비슷해요,172cm,60kg,상의 66,"생각보다 얇고 가벼워서 자주 입을 수 있을 것 같아요
블랙은 딱 그 가격에 맞는 재질같고
크림은 할머니 내복의 고급버젼? 은은하게 광택이 있어서 내복같아요ㅋㅋㅋㅋ 살짝 비침 있지만 이너로는 괜찮을 것 같아요"
lsxrXNNX,,22.03.25,아이보리,소라,정사이즈예요,아주 만족해요,화면과 비슷해요,158cm,43kg,상의 44,"다른 쇼핑몰 소라색들은 너무 색감이 비비드해서 
여기껄로 샀는데 실제 화면이랑 같은 색 와서 만족스러워요
실제 색감은 마지막 착용컷이랑 비슷합니다
안에 입고 다른 옷들이랑 레이어드해서 입으려고 한거라
비침이 좀 있긴 한데 그렇게 신경쓰이진 않아요
세탁하면 어떻게 될지 좀 불안하긴 한데 ㅠㅠ
싼 맛에 산 거니까 어쩔 수 없죠! 
하늘하늘하고 부드럽습니다"
b3wLpexb,상위 5%,24.11.17,아이보리,아이보리,정사이즈예요,아주 만족해요,화면과 비슷해요,160cm,44kg,상의 44,"이너로 입을거라 두꺼운 티보단 적당히 얇은 티를 원했는데 딱 제가 찾던 느낌이에요
이너로 입어도 되고 조끼 안에 입어도 되고 얇으니까 착용감도 편하고 움직이기도 편해요^^
몇번 안 입어봐서 재질이 좋은지는 잘 모르겠으나 이 가격에 이정도 디자인, 두께면 만족합니다"
LhjKTFLi,상위 25%,24.02.27,아이보리,블랙,정사이즈예요,아주 만족해요,화면과 비슷해요,,,,"생각했던 얇기와 컬러라 좋아요 :)
소재도 부들부들하고 신축성도 좋아요! 
크림색 섞인 아이보리랑 무난한 블랙이라
코디하기 좋을 것 같아요~"
Uv9WiRLK,,24.02.01,블랙,코코아,정사이즈예요,아주 만족해요,화면과 비슷해요,155cm,55kg,상의 55,블랙이 무난해서 그런 제일 맘에 드네요 다른 색은 이너로 잘 매칭해서 입으면 다양한 바리에이션 만들 수 있을 것 같아요 가성비 짱입니다
Uv9WiRLK,,24.02.01,카키,딥블루,정사이즈예요,보통이에요,화면과 비슷해요,155cm,55kg,상의 55,둘다 연한 색감이네여 딥블루는 제 사진에서 연하게 나오는데 좀더 상세정보 사진이랑 비슷해요 너무 쫄쫄이 같아서 그냥 입으면 가슴이 너무 부각되서 이너로 입으면 좋을 것 같아요
lWfcEUnN,,24.12.29,블랙,베이지,정사이즈예요,보통이에요,화면과 비슷해요,157cm,46kg,상의 44,"가격만큼의 퀄리티입니다!
퀄 기대하지 않고 한철 대충 입으실 분들이 사면 좋을 것 같아요…차르르 재질이다보니 하루 입었는데 목이 늘어나네요!"
Bemyself,,24.12.23,소라,블랙,정사이즈예요,보통이에요,화면과 비슷해요,159cm,58kg,상의 66,"몸에 딱 핏 되는데 이너로 입을려고 산 거라
딱히 상관은 없네요. 목도 편하게 들어가는데,
길이가 더 길었으면 하는 아쉬움이 있네요
빨고나니 보풀이 생기는 해도 편하고 따듯해요"
위즈덤22,상위 15%,23.12.19,먹색,연그레이,정사이즈예요,아주 만족해요,화면과 비슷해요,166cm,58kg,상의 66,"처음 옷만봤을때는 엇...?너무작은거아니야? 싶지만 신축성이 최고입니당 오히려 딱붙어서 안에 입기에 최고인것같아요^_^

키 166cm에게 팔길이는 조금 짧아요! 그런데 저는 이너용으로만 입을꺼라서 괜찮습니다~
목 부분은 적당히 딱 붙어서 편합니다 다른 색상으로 구매할까 고민 중입니다!! 니트아니고 티셔츠입니다! 참고해주세용"
UnVFLkh4,,23.11.12,소라,아이보리,정사이즈예요,아주 만족해요,화면보다 어두워요,163cm,47kg,상의 44,"소라색 흰색 구매했는데, 흰색은 이너로 아무데나 껴입기 좋아요~~
소라색 기대했는데 생각보다 사알짝 더 밝은색이네요!! 사진이 색감을 톤다운 해서 잡는거같아요! 그래도 못입을 정도는 아니고 생각한 것보다 밝은 정도여서 잘 입으려구요!"
muin****,,24.03.30,아이보리,블랙,정사이즈예요,보통이에요,화면과 비슷해요,,,,"리뷰를 통해 화이트 컬러는 안에 비치는 거 알고 샀어요!
레이어드 하려고 샀는데 딱 얇고 좋은 것 같습니다.
1+1이라 좋았어요!

+) 검정은 손빨래했는데 검정물이 무한으로 나오니까 꼭!!!! 단독세탁하세요!!"
irtXYdXA,상위 30%,24.02.05,아이보리,먹색,정사이즈예요,아주 만족해요,화면과 비슷해요,162cm,53kg,상의 55,이너로 입기 좋아용~~ 단독으로 입기는 팔ㅋ둑살이 시강이라 좀 거시기 하구 받쳐입는데는 쫀쫀하니 딱이네용 하나도 안불편하고 약간 내복쓰 느뀜<~아 먹색 되게 색감 이뽀요 근대 막상 받쳐입을라니 좀 튀는 느낌? 팔뚝살 타파운동해서 단독으로 입으면 진ㄴ짜 이쁠것 같은 느낌적 느낌.
OQvrIT4r,상위 5%,24.01.24,아이보리,청록,정사이즈예요,아주 만족해요,화면과 비슷해요,160cm,48kg,상의 44,"배송도 바로 다음날 왔고 제품도 가성비 너무 만족해요.
얇긴 한데 이너로 입을만하고, 너무 헐렁하지 않아서 맘에 듭니다. 목이 좀 쨍쨍한데 새 상품이라 그런 것 같고 크게 불편하진 않아요!"
lonmPWo0,,23.11.23,블랙,블랙,정사이즈예요,아주 만족해요,화면과 비슷해요,160cm,52kg,상의 55,"조큼 얇아서 이너로 입기 좋아요
재질 짱 부드럽고 목 답답한거 짱 싫은데 갑갖하지 않아서 좋아요!
빛 받으면 속옷 비쳐요
바스트 사이즈에 따라 다를 것 같긴해요"
s2ha****,,22.11.18,코코아,소라,정사이즈예요,보통이에요,화면과 비슷해요,166cm,55kg,상의 55,"얇고 부들부들해서 이너로 입기 좋은 거 같아요.
택배받고서 뜯었는데, 마요네즈같은 냄새가 나서 선뜻 입어보기가 꺼려졌었지만, 상품은 만족합니다."
uyIkdDvw,상위 30%,22.03.07,크림,블랙,작아요,보통이에요,화면과 비슷해요,165cm,48kg,상의 55,잘늘어나는 소재라서 입기에는 편한데 소매기장이 짧고 어깨라인이 좁아요! 이너로 받쳐입기에는 좋지만 단독으로 입기에는 조금 부족하네요ㅠ
GeKMyj7T,,24.12.28,블랙,아이보리,정사이즈예요,보통이에요,화면과 비슷해요,163cm,57kg,상의 55,"겨울만 되면 목폴라 없이 못 사는 1인입니다
한 철 입고 버리기에 그냥 그냥 입기 괜찮은 것 같아요!
다만 두께는 얇아서 비침이 있고
한 두번 입었는데 보풀이 잘 생기는 편인것 같아요
세탁할 때 망에 넣어서 하면 좋을 것 같아용
이너로 입기에도 편하고 따뜻하니 좋습니당"
B7Qgqw3I,상위 25%,24.10.08,소라,아이보리,정사이즈예요,아주 만족해요,화면과 비슷해요,173cm,55kg,상의 66,"소라색이 되게 보라끼가 많이돌아요..ㅎ..
흰색은 속옷이 비쳐서 단독으로 입지는 못하지만 속에 입으면 좋을것같아요! 옷이 질감도 좋아서 자주입을것같아요ㅎㅎ"
rndCB155,상위 25%,24.10.01,아이보리,베이지,정사이즈예요,아주 만족해요,화면과 비슷해요,160cm,61kg,상의 66,"만족합니다! 차르르 떨어지고, 부드러운 촉감으로 피부에 거슬리는 점 하나 없이 좋습니다. 가성비 좋고 이너로 받쳐입으면서 코디하기 좋아보입니나."
rndCB155,상위 25%,24.10.01,코코아,블랙,정사이즈예요,아주 만족해요,화면과 비슷해요,160cm,61kg,상의 66,"만족합니다! 차르르 떨어지고, 부드러운 촉감으로 피부에 거슬리는 점 하나 없이 좋습니다. 가성비 좋고 이너로 받쳐입으면서 코디하기 좋아보입니나."
7SkvMZXk,,23.10.24,아이보리,블랙,정사이즈예요,보통이에요,화면과 비슷해요,157cm,55kg,상의 55,"생각보다 얇네요! 그래도 저렴하게 잘 샀네요
이제 추운데 편하게 자주 입을 것 같아요 제가 팔뚝에 살이 좀 있어서 약간 부해보이지만 ㅠㅠ 이런 옷들은 달라붙는 옷이니 어쩔 수 없겠죵 그래도 좋아용 굿굿"
퐝퐈레,상위 20%,24.12.10,아이보리,청록,정사이즈예요,아주 만족해요,화면보다 어두워요,161cm,52kg,상의 55,"겨울 이너로 입을 옷 찾다가 삿는데 너무 맘에들어요 
쫀쫀해서 더 따뜻한 느낌쓰 낭낭 
재질도 보드라워요 깔별로 사고 싶어요 진짜ㅠ"
9rTEbDa0,,24.11.27,블랙,코코아,정사이즈예요,아주 만족해요,화면과 비슷해요,165cm,58kg,상의 55,생각보다 신축성좋고 작지않아서 좋아요! 블랙이랑 코코아 구매했는데 둘다 색 넘예브고 무난해서 즐 입을거같아요 가격대비 만족해여
KlvbK3Ju,상위 15%,24.10.24,아이보리,블랙,정사이즈예요,보통이에요,화면과 비슷해요,158cm,53kg,상의 44,여름빼고 다입기 좋을 것 같아요! 촉감도 좋고 뻣뻣한 느낌도 없어요! 이 가격에 이 퀄리티면 진짜 너무 잘 산 것 같아요 대만족
E7pe8Yhw,,23.12.26,아이보리,블랙,정사이즈예요,아주 만족해요,화면과 비슷해요,165cm,68kg,상의 77,"검정, 아이보리 핏하게 맞아요! 가슴둘레 100인데 편안하게 맞아요! 다른 색상들도 사려구요~ 이너로 입기에 딱입니다! 단독으로 입으면 가슴이랑 뱃살 부각이 좀 있어요ㅎㅎ"
TIzOEugp,,23.12.12,청록,딥블루,정사이즈예요,보통이에요,화면보다 어두워요,160cm,50kg,상의 55,"가격 이 착해요 
겨울 이면 이런 얇은 터틀넥 깔별로 쟁이는 재미!!!
엄청 두껍지 않아서 이너 로 편할거 같아요
색깔 도 짙은 청록 색 예뻐요
거의 남색 이랑 비슷한 블루 고요"
kdbhAYzw,상위 25%,23.12.08,아이보리,블랙,정사이즈예요,보통이에요,화면과 비슷해요,160cm,58kg,상의 66,이너로 입으려고 샀는데 생각보다 잘 늘어나고 부드러워요 근데 이너로 입으니까 보풀 좀 일어나요ㅠ 그치만 만족해요 목도 안답답하고 괜찮아요 소매도 긴 편이고 기장도 너무 길지 않으면서 딱 좋아요
t8T6clu9,,23.12.07,아이보리,아이보리,정사이즈예요,아주 만족해요,화면과 비슷해요,156cm,45kg,상의 55,저렴한 가격에 1+1이라니!! 가격대비 옷 품질도 좋습니다!!! 요즘 옷 냄새에 예민한데 냄새도 안나고 쫀쫀해서 좋아요! 이너로 입으려고 같은 색 2장 주문했는데 다른 색상도 또 구매하고싶어요
acQIQLS8,,23.12.05,청록,딥블루,정사이즈예요,보통이에요,화면과 비슷해요,160cm,48kg,상의 55,네이비랑 청록샀는데 두개다 색깔 예뻐요 네이비는 찐파랄빛도는데 자켓안에 이너 어디이든 휘뚤템이구 무엇보다 배송너무 빨라서 좋았어여 원플원두 젛구 근디 저한테는 팔이 점 짧더라구여ㅠㅠ 팔이 쵸큼 긴편이긴한디 짧음 ㅠㅠ손목은 그냥 보임
yupyup,상위 25%,23.11.27,블랙,아이보리,정사이즈예요,보통이에요,화면과 비슷해요,,,,"체형에 딱 맞고 여기저기 휘뚤마뚤 입기 딱 좋아요 
목부분이 쫀쫀해서 잘 늘어나지 않고 좋아요! 
그런데 처음 입으면 목이 좀 답답하다고 느낄거같아요 ㅠ

아무래도 기본 아이탬이라 가격이나 소재 퀄리티 따지게 되는데 가겨이나 착용감다 무난무난 평타 치는거같아용
밑선도 그렇게 짧지 않고 적당 하니 좋습니당 
겨울에 역시 폴라가 딱이에염"
헤마,탑리뷰어,23.11.27,코코아,네이비,정사이즈예요,아주 만족해요,화면과 비슷해요,158cm,43kg,상의 44,"부드럽고 쫀쫀해요! 무엇보다 가격이 대박임,, 하나여도 갓성비인데 무려 원쁠원… 요즘 날씨가 너무 추워서 목티 수집 중인데 기본 컬러는 있어서 네이비랑 코코아 컬러 도전해봤어요 약간 반신반의했는데 실물 보니 예쁘네요!! 맘에 듭니다~활용성도 좋을 것 같아요"
cQaLRR13,,23.11.26,코코아,톤다운핑크,작아요,별로예요,화면과 비슷해요,,,,"색, 디자인은 너무 맘에 들어요! 스판이라서 66 입는 분도 얼추 맞을 것 같아요~ 그런데 생각했던 것보다 길이가 짧아서 총장, 소매 길이 너무 아쉽네요. 퀄리티도 재봉 마감이 너무 아쉬워요...ㅜㅜ 세탁기에 한 번 돌리고 입었더니 실밥이 30cm 가까이 빠진 것 보고 딱 가격 대비 퀄리티인 것 같아요...."
adwr1BZY,,23.11.19,아이보리,블랙,정사이즈예요,아주 만족해요,화면과 비슷해요,158cm,54kg,상의 55,"가성비가 너무 좋아서 또 구매했어요!
쫀쫀하고 질이 좋아서 가을에 단독으로 입기에도 좋고, 
두꺼운 겨울니트나 맨투맨, 후드티 안에 입기에도 좋아요 
너무 딱 맞지도 너무 널널하지도 않아서 좋아용"
Q1irKWrT,,23.11.18,블랙,아이보리,정사이즈예요,아주 만족해요,화면과 비슷해요,,,,"몇 년 전인지 기억은 잘 안 나지만 블랙 아이보리 베이지 청록 와인 등등 여러 가지 색 구매해서 정말 잘 입었어요.
몇 년 입었지만 아직도 자주 안 입었던 몇 개는 잘 입고 있습니다.
그만큼 탄탄해요
저렴한 가격에 그렇지 않은 좋은 퀄리티고, 목이 좀 쫀쫀한데 몇 번 세탁하면 헐렁해집니다.
답답한거 싫어해서 아주 딱이에요
골반위까지 오는 넉넉한 길이에 몸에 핏되는 슬림핏입니다"
6ULDzx5F,상위 10%,23.11.15,블랙,블랙,정사이즈예요,보통이에요,화면과 비슷해요,153cm,50kg,상의 55,"제목 그대로 스판끼가 있어서 부드럽고, 촉감도 좋아요!
꺼슬꺼슬하지않고, 몸에 닿는 느낌이 좋네요
블랙 계열로 겨울에는 안에 받쳐입는걸 좋아해서 두벌 샀는데, 두벌 사길 잘한거 같아요"
HkPnSVmV,상위 10%,23.11.05,청록,소라,정사이즈예요,보통이에요,화면과 비슷해요,162cm,57kg,상의 55,겨울이 오니까 이너로 입을려고 여러색 봤눈데 청록색이랑 소라색이 이뻐서 시키게 됬어요 길이도 적당하고 목도 잘 늘어나서 쉽게 입을수 있을듯해요
aled******,,23.10.28,베이지,소라,작아요,보통이에요,화면과 비슷해요,160cm,54kg,상의 55,"저렴한 가격에 두개 구매할수있어서 좋아요~ 
좀 착 달라붙는 핏이라 단독으로는 입기 조금 민망스럽고 이너로 입기에는 얇으니 좋아요~ 베이지는 조금 탁한 베이지고 소라는 흔히 생각하는 그런 소라색입미당~"
LYNfcCCn,상위 25%,23.10.26,블랙,블랙,정사이즈예요,보통이에요,화면과 비슷해요,160cm,50kg,상의 55,날이 추워지면 목티를 무조건 찾게 되서 좋은 가격에 평이 좋아 구매하게 되었는데 엄청 쫀쫀하고 질도 너무 좋네요. 검정색으로 2개 구매했는데 올 가을 겨울내내 이너로 아주 잘 입을 수 있을것 같습니다.
KKGLF6Z5,상위 20%,23.10.19,블랙,코코아,정사이즈예요,보통이에요,화면과 비슷해요,160cm,49kg,상의 55,"상세정보의 색감도 동일한거같아요
화이트 사고싶은데ㅠ
너무 얇아서 비칠거같아서
무난한 색상으로 샀어요
상체 55입는데 딱 좋아요!
바스트 있는분들은 좀 딱 맞을수있을거같지만
보들보들하고 얇아서 딱이네요"
yoonssㅓ,상위 10%,23.10.18,연그레이,소라,정사이즈예요,아주 만족해요,화면과 비슷해요,154cm,40kg,상의 33 이하,"브랜드에서 산 목폴라랑 퀄리티 차이가 없어요 ㅋㅋㅋㅋ 호돌호돌해서 막입기 좋은데 색감 잘 빠져서 단독으로도, 어디 껴입기에도 아주 좋아요 다른 색상으로 더사려구요 :) 매년 살테니 계속 팔아주세요..!

입다 혹시 보풀나거나 하면 후기 다시 쓰겠습미다 ㅋㅋㅋ 아직은 아주 좋아요"
qCDZuOy0,,22.11.28,베이지,소라,정사이즈예요,보통이에요,화면과 비슷해요,,,,"이놈 아주 물건입니다
엄청 딱 달라붙는 핏도 아니라서 크게 부담스럽지 않고
목도 자연스럽게 주름지는 핏이라서 진짜 편해요
그러나 몇 번 입어보니 가슴쪽 아우터 닿는 곳에
아주 살짝씩 보풀일어나듯 질감이 변하긴 해요
하지만 다시 구매하러 올거에요 진짜 편하고 핏 예쁨 ㅠ"
fCF7DIqF,,22.09.22,소라,톤다운핑크,정사이즈예요,별로예요,화면과 비슷해요,155cm,50kg,상의 55,"광이 있어서 저한테는 촌스럽게 느껴졌고 박음질과 마감처리가 제대로 되어있지 않아서 너무 실망했어요.
착용감은 부들부들한데 얇고 착 붙는 핏이라 단독으로 입기에는 부담스러울 것 같아요."
BUdpDZRq,,22.03.29,아이보리,소라,정사이즈예요,보통이에요,화면과 비슷해요,162cm,58kg,상의 66,"폴라는 다 비슷한데 저는 건조기에 돌렸을때가 관건이라
줄어드는건 당연 있지만
질이 많이달라지지않아서 좋았어요
(어느건 신축성이 너무 없어져서...)
기장은 5센티정도 줄어드네요
그정도는 감안한부분이라^^
(원래 건조기 안돌려야하는거 알고 한겁니다)
그래서 재구매 갑니다^^"
mA8us9IX,상위 15%,22.03.08,블랙,소라,작아요,보통이에요,화면과 비슷해요,162cm,48kg,상의 55,질도 괜찮은 것 같고 팔은 딱 붙고 통은 타이트하지는 않아요. 이런느낌을 원했어서 만족합니다. 잘 늘어나는 재질이라서 체형에 따라 잘 늘어날 것 같아요.
yseo******,,24.03.19,소라,블랙,정사이즈예요,보통이에요,화면과 비슷해요,163cm,49kg,상의 44,사진이 좀 밝게 나왔지만 은은한 색이라서 레이어드 해서 입기 좋아요. 목 안쪽 부분에 실밥 나온 부분만 빼면 전체적으로 쫀쫀해서 탁 감싸주는 느낌이 듭니다.
gNrRzzuc,상위 15%,24.03.03,블랙,블랙,정사이즈예요,보통이에요,화면과 비슷해요,,,,"면이 부드러운 재질이라 좋아요
근데 보풀이 잘 생길 것 같아요
얇아서 여기저기 잘 입을 수 있을 것 같네요
핏은 딱붙는 핏은 아니에요"
yoog**,,24.02.04,아이보리,진핑크,정사이즈예요,아주 만족해요,화면과 비슷해요,159cm,48kg,상의 44,원쁠러스원에 가격도 저렴한데 따뜻하고 쫀쫀하고 아주 좋아요!! 이너로 휘뚜루마뚜루 입을 수 있을 것 같네여 몸에 완전 핏되게 입을 수 있어서 더 좋아요
DmkY8a6Z,,24.01.31,아이보리,소라,정사이즈예요,보통이에요,화면과 비슷해요,161cm,51kg,상의 55,"사진은 밝은데 예쁜 블루입니다
회색가디건에 받쳐입기도 좋고,
흰색은 어디든 받쳐입기 좋아요
생각보다 얇아서 한철입고 끝날거같긴한데 이번겨울은 잘 지나갈듯해요"
HkPnSVmV,상위 10%,23.11.05,아이보리,블랙,정사이즈예요,보통이에요,화면과 비슷해요,162cm,57kg,상의 55,겨울이 오니까 이너로 입을려고 여러색 봤눈데 기본티로시키게 됬어요 길이도 적당하고 목도 잘 늘어나서 쉽게 입을수 있을듯해요
xBzbbuNl,상위 15%,23.10.20,아이보리,베이지,정사이즈예요,보통이에요,화면과 비슷해요,163cm,51kg,상의 55,"기본컬러가 없어서 주문해봄!!
시스루 느낌의 얇은 원단인가 싶었는데 적당한 두께감도 있고 속옷도 안 비치고 최고임!"
1F9QXomc,,22.10.30,먹색,코코아,정사이즈예요,보통이에요,화면과 비슷해요,157cm,44kg,상의 55,잘 입고 잇어요 차르르차르르 떨어져서 여기저기 입기 편하구여 색도 무난해사 아무데나 입어도 예쁩니다 잘 샀어요 올겨울 최거템
N2PEhHmF,상위 30%,22.10.28,소라,코코아,정사이즈예요,보통이에요,화면보다 밝아요,167cm,55kg,상의 55,코코아가 생각했던 색이 아니에요. 브라운 색상 절대 아니고 어두운 회색 느낌입니다. 소라색은 화면이랑 비슷해요
aXtpuJCe,,22.09.02,청록,톤다운핑크,정사이즈예요,아주 만족해요,화면보다 밝아요,170cm,54kg,상의 55,"화면보단 살짝 흰끼도는 느낌?
뭔가 더 채도 깊은 색을 원했지만..
살짝쿵 흰끼가 돌고 170센치에 소매가 짧아요ㅠ"
615e****,상위 15%,24.01.03,소라,아이보리,,,,,,,겨쿨인데 색깔 진짜 누무 예뻤어요 엄마가 제 옷 보고 잘 샀다고 칭찬해주셔씀 ㅋㅔ켘 근데 생각보다 많이 얇아서 보온이 되는지는 잘 모르겠어요 추운날에 목폴라 입었는데 목이 엄청 따뜻하진 않은 느낌? 그래도 예쁘니까 만족합니당 ~ 호호
냥냥이이이,,23.12.25,아이보리,블랙,정사이즈예요,보통이에요,화면과 비슷해요,165cm,65kg,상의 66,스판 넉넉하고 아주잘 늘어나요 어차피 안에다가 이너로만 입을 생각으로 산거라 얇은 소재를 찾고잇엇는데 좋은 가격에 잘산거같아요. 목도 엄청 쪼이는 것도 아닌데 목까지 잘 올라오고. 전느슨해서 널널한게 싫거든요
I9NzyxPH,,23.12.12,민트,청록,정사이즈예요,아주 만족해요,화면과 비슷해요,160cm,50kg,상의 55,원래 민트는 잘 입었는데 목이 넘 늘어나서 새로산김에 청록도 사봤어요 겨울쿨딥분들이 입으면 예쁠거 같아요 시중에 잘 없는 색이라서 맘에 듭니다 한 이년정도 입으니 늘어나더라구요 이년뒤에 다시사죠
vPvQ2Pnn,,23.10.08,아이보리,톤다운핑크,정사이즈예요,보통이에요,화면과 비슷해요,,,,"팔길이도 넘 길지 않고 전체 길이도 넘 길지 않아서 좋아요.
톤다운 핑크는 가을에 잘 어울릴 색깔이에요. 
목티는 항상 애증 관계인데 일단 졸리는 느낌 넘 싫어해서 
입다가 결국 포기하게되는데 요건 입은듯 만듯 해서
좋아요."
kVkFoRy3,상위 15%,22.11.26,크림,먹색,정사이즈예요,별로예요,화면과 비슷해요,158cm,45kg,상의 44,옷 색이 되게 묘해서 예뻐요. 체구가 작은데 적당히 잘 맞아 정말 마음에 들어요. 다만 블랙 재고가 없고 질이 안좋아서 몇번 못 입는다는게 정말 아쉽습니다ㅠ비싸도 질이 더 좋았으면 좋겠어요.
NBRsoVOj,,22.10.05,블랙,크림,정사이즈예요,보통이에요,화면과 비슷해요,160cm,60kg,상의 55,검은색 크림색 두가지 구매했습니다! 크림색은 당연하지만 화이트는 아니고 아이보리? 느낌입니다. 그런데 두껍지 않은 건 알았지만 흰색은 속옷이 많이 비쳐서 단독으로 못입고 위에 뭐 입어야 할 것 같네용
F5NXSYG8,,22.09.17,톤다운핑크,크림,정사이즈예요,보통이에요,화면보다 밝아요,158cm,47kg,상의 55,"가격대비 괜찮아요
가을뮤트라 인디핑크 생각하고 톤다운 핑크샀는데 화면에 보이는 것 보다 빛나는 색깔이라 좀 아쉬웠어요. 크림색 두개살걸 그랬어요
가성비 좋아서 이번 계절 대강대강 잘입을 것 같아요"
LyWffv6V,,24.11.09,코코아,블랙,정사이즈예요,보통이에요,화면과 비슷해요,158cm,48kg,상의 55,"사진하고 색감 비슷해요!
기모없는거로 사서 살짝 얇기는 한데 그래도 따듯하고 좋네요!!! 몇번 입다가 더 추워지면 기모있는 거로 구매해보려구요!"
kCCCbIQ6,상위 25%,24.03.30,먹색,청록,정사이즈예요,아주 만족해요,화면과 비슷해요,165cm,68kg,상의 66,두가지 색 모두 생각보다 밝았어요. 색도 너무 예쁘고 배송도 빨랐어서 좋네요. 다양한 컬러가 있어서 다음에 다른 컬러도 구매하려고요!
1tF1tmkS,,24.01.24,아이보리,진핑크,정사이즈예요,아주 만족해요,화면과 비슷해요,162cm,54kg,상의 55,이런 목폴라 맘에 드는게 없어서 찾아다녔거둔요?! 근데 젤 싸길래 시켜봤는데 웬걸.!.!?.!.!.!! 짱 부드럽고 몸에 촵 감겨서 조오ㅓ요.. 잘 입겠습미더
kdpDk9Ba,,24.01.14,연그레이,코코아,정사이즈예요,보통이에요,화면과 비슷해요,159cm,48kg,상의 55,"쫀쫀하고 기본템으로 아주 좋아요 그레이 색상이여도 속옷 비침 없었어요
코코아 색상도 기본템으로 아주 좋아요 가을엔 이것만 입어도 이쁠거 같아요"
gwiYQIPp,,24.01.03,소라,아이보리,정사이즈예요,보통이에요,화면과 비슷해요,172cm,56kg,상의 55,목이 좀 쨍겨요 그리고 얇아서 비쳐가지고 이너로 입는게 좋을 것 같아요 완전한겨울에는 춥고 소재는 부들거려서 촉감은 좋은 거 같아요!
nXMHlY3n,,24.01.03,아이보리,블랙,정사이즈예요,보통이에요,화면과 비슷해요,147cm,41kg,상의 44,"두께가 생각보다 얇네요
전에 산거는 기모가 들어있어서 두꺼웠나봐요
대신 보들보들해요
광택이 좀 돌고 구김이 좀 있어요
목이 짧은 편인데 적당하게 주름지면서 감싸줘서 만족합니다"
mRGRgi5H,,23.12.25,아이보리,블랙,정사이즈예요,보통이에요,화면과 비슷해요,155cm,48kg,상의 44,데일리로 입기에 너무 좋구요 가격에 비해 퀄리티가 좋은 편인거 같아서 다른 색상도 도전해보려구요 너무 맘에 들어요 겨울을 따뜻하게 보낼 수 있을꺼 같아요
3kREqn6j,,23.12.21,아이보리,블랙,정사이즈예요,아주 만족해요,화면과 비슷해요,157cm,44kg,상의 55,기모 있는걸 답답해서 별로 안좋아하는데 이건 가볍고 피부에 닿는 느낌이 차르륵 부드러워요 기본템으로 블랙이랑 화이트 샀는데 둘 다 만족해요 ~
8ouchEos,,23.12.16,민트,블랙,정사이즈예요,보통이에요,화면과 비슷해요,163cm,50kg,상의 55,가성비 너무 좋아용 !! 저렴한데 쫀쫀하구 좋네요오 !! 컬러도 화면이랑 비슷해서 맘에 들어요 !! 올 겨울에 잘 입고 내년에 또 사야징
9Otka66t,,23.12.10,아이보리,톤다운핑크,정사이즈예요,아주 만족해요,화면과 비슷해요,158cm,70kg,상의 66,일단 엄청 얇음 속옷라인 잘보이고 살같은거 못잡아줘요.. 근데 어차피 레이어드용으로 사기도 했구 가격도 저렴하구 무엇보다 색깔 마음에 들어용.. 굳굳
hy9P5M95,상위 10%,23.12.09,블랙,베이지,정사이즈예요,아주 만족해요,화면과 비슷해요,164cm,48kg,상의 55,"상품 이너티로
검정,베이지 구매했어요
역시제일무난템은 검정 ㅋㅋ
베이지는 좀 내복같아요.. ㅎㅎ
부들부들 질은 조아요! 흰색살까 규민중.."
jSWNCMlV,,23.12.08,아이보리,블랙,정사이즈예요,아주 만족해요,화면과 비슷해요,155cm,43kg,상의 44,"아무색 겉옷에 다 받쳐입을 수 있을 것 같아요 목도 많이 안 쪼이고 촉감도 좋습니다~~ 목이 짧은 편인데 폴라길이도 좋아요 
혹시 몰라 하나만 샀는데 다른색도 살까싶어요"
QNYAViuQ,상위 20%,23.12.08,아이보리,먹색,정사이즈예요,보통이에요,화면과 비슷해요,167cm,52kg,상의 55,배송이 진짜 빨리와서 너무너무 좋았습니다~ 진짜 보들보들하고 야들야들하고 매일 이너로 받쳐입기 너무너무 좋은 목티에요~ 목부분도 적당히 길고 좋네요~ 많이 파세요~
4ScqaLuI,,23.12.08,먹색,소라,정사이즈예요,보통이에요,화면과 비슷해요,153cm,43kg,상의 44,"어깨선이 약간 안쪽으로 들어가는 편이긴 한데 팔통이 딱붙핏이 아니라 엄청 부해보이지는 않아요
먹색은 이너 아니라 단독으로도 괜찮을 것 같아요"
vV0rsC65,,23.12.07,블랙,블랙,정사이즈예요,보통이에요,화면과 비슷해요,,,,"겨울에 안에 이너로 입을려고 구매했습니당
꼼꼼한 배송에 빠른배송까지 너무감사합니다
저렴하게 두장득템~~~얇지만 두꺼운 겉옷으로
입을거라 괜찮습니당ㅎㅎ"
Jom8w48n,,23.12.04,베이지,브라운,정사이즈예요,아주 만족해요,화면과 비슷해요,160cm,50kg,상의 44,"얇지만 이너로 입긴 좋아요~~
겨울옷들이 두껍다보니 오히러 얇아서 전 좋습니다
원단은 부드럽고 부담없이 편하게 입을수 있고 스판이라 더 좋아요"
dalgomiyo,상위 15%,23.12.03,아이보리,아이보리,정사이즈예요,보통이에요,화면과 비슷해요,165cm,53kg,상의 55,"생각보다 얇지만 이너로 좋고 
신축성이 좋아서 목도 답답하지않아요
세번정도 입었는데 보풀도 아직까진 안생겼네요
이정도 가격이면 한철만 입어도 만족하겠어요"
Um7qOi5Q,상위 15%,23.12.02,블랙,네이비,정사이즈예요,보통이에요,화면과 비슷해요,162cm,48kg,상의 55,재질이 부드러워요!! 약간 찰랑찰랑 하는 느낌?? 두께감은 엄청 얇은 편은 아니에여! 네이비가 생각보다 파란빛..? 이 돌아서 좀 아쉬웠어요 ㅠ ㅠ
zfk9hIy1,,23.11.30,소라,네이비,정사이즈예요,보통이에요,화면보다 밝아요,166cm,60kg,상의 66,조금 어두운톤의 소라색인줄 알고 구매햇는데 생각보다 밝앗어요 낙낙한 핏을 바랬는데 쫀쫀하고 잘 늘어나고 몸에 촥붙이에요 전체적으로 쏘쏘입니당 이너로 잘 입을듯해요
tWEfirR3,상위 25%,23.11.25,아이보리,블랙,정사이즈예요,보통이에요,화면과 비슷해요,,,,아직 입어보지는 않았는데 옷 촉감은 진짜 부드럽고 찰랑찰랑 거려요 !! 이번 겨울에 따뜻하게 잘 입고 다닐 것 같은데 보풀만 안 일어나길 바랍니당
N57Lbylm,,23.11.23,블랙,아이보리,정사이즈예요,보통이에요,화면과 비슷해요,156cm,48kg,상의 55,"엄청 얇기는 하지만 재질이 괜찮은거 같아요! 
이너로 입으니까 따뜻하고 가벼워서 만족합니다.
저렴한 가격에 잘산거 같아요.
흰색은 확실히 많이비춰서 이너로만 입어야 할꺼 같습니당"
tn04**,상위 25%,23.11.22,소라,블랙,정사이즈예요,아주 만족해요,화면과 비슷해요,158cm,56kg,상의 66,"소재가 쫀쫀하고 비침이 없어서 좋아요.
안에 블랙속옷 입었는데 안비쳐요. 
화이트입었으면 좀 비칠수도 있겠지만 
소라색은 안비치네요.
소재 좋아서 다른컬러 더 쟁여둬야겠어요"
dI8Hy4RG,,23.11.20,블랙,톤다운핑크,정사이즈예요,아주 만족해요,화면과 비슷해요,158cm,48kg,상의 55,보들보들해서 피부에 닿는 느낌도 좋고 두께도 적당히 얇아서 목도 안 불편해요 색도 다 예뻐서 몇개 더 사고싶어요 다들 많이 사세요!~~
FCO98kaM,,23.11.18,민트,톤다운핑크,정사이즈예요,아주 만족해요,화면과 비슷해요,156cm,44kg,상의 44,보들보들하고 이너로 입기도 좋아서 니트랑 매치시켜서 입었는데 넘 이뻐용 겨울 봄 가을까지 입을수잇을것같아용 색별로 장만해두면 좋을템
DbfYaceK,,23.11.18,아이보리,코코아,정사이즈예요,보통이에요,화면과 비슷해요,161cm,58kg,상의 55,색상은 맘에들었어요! 근데 코코아색에 한쪽팔 마감이 조금 엉망이긴 했어요 실밥 다 풀리고 ㅠ 아쉽긴했는데 어차피 안에 받쳐 입을거라 걍 입을려고요 휘뚤마뚤 잘 입을듯
FCO98kaM,,23.11.18,베이지,코코아,정사이즈예요,아주 만족해요,화면과 비슷해요,156cm,44kg,상의 44,보들보들하고 이너로 입기도 좋아서 니트랑 매치시켜서 입었는데 넘 이뻐용 겨울 봄 가을까지 입을수잇을것같아용 색별로 장만해두면 좋을템
2tvHT9hE,,23.11.16,블랙,와인,정사이즈예요,아주 만족해요,화면과 비슷해요,164cm,59kg,상의 55,니트랑 같이 입으면 이뻐요! 따땃하니 올겨울 잘 입고 다니겠네요 무난템으로 깔별로 소지하고 있으면 좋을 것 같아요! 먼지도 많이 달라붙지는 않아요
82PXE7pD,,23.11.12,아이보리,블랙,정사이즈예요,보통이에요,화면과 비슷해요,160cm,49kg,상의 44,"먼지가 잘 묻지만 사이즈나 비침 다 좋아요 생각보다 얇아요 깔별로 쟁이고 싶고, 이너로 좋은 것 같아요! 근데 빨면 늘어날 거 같아요"
PmrPDLH8,,23.11.10,베이지,블랙,정사이즈예요,아주 만족해요,화면과 비슷해요,165cm,54kg,상의 55,"목부분이 조금 타이트하긴했는데 입으면서 늘어날거라 걱정없구요
딱원하는 슬림핏이라서 좋아요 잘산것같아용
번창하세유"
PmrPDLH8,,23.11.10,청록,민트,정사이즈예요,아주 만족해요,화면과 비슷해요,165cm,54kg,상의 55,"목부분이 조금 타이트하긴했는데 입으면서 늘어날거라 걱정없구요
딱원하는 슬림핏이라서 좋아요 잘산것같아용
번창하세유"
rzWoyzfO,상위 10%,23.11.02,브라운,블랙,정사이즈예요,보통이에요,화면과 비슷해요,159cm,45kg,상의 55,"기본 목티가 필요해서 구매했어요
가격대비 한철입을 꺼 생각해서 큰 기대는
하지 않았어요! 입을 만 합니다~~ 승모근 부각은
조금이요..미세해서 괜찮습니다
추천해요!"
awAXH9Mz,상위 30%,23.10.26,아이보리,블랙,작아요,보통이에요,화면과 비슷해요,155cm,58kg,상의 55,해마다 사고있는 템이에요 가격이 일단 착해서 부담이 없구 시스루처럼 얇게 비치는 옷인데 이너로 입으면 신경 안 쓰이고 그거 감안해서 코디해 입어도 예쁩니다! 완전 착붙는 슬림핏이에영
5Nsk1iMf,,23.10.21,아이보리,블랙,정사이즈예요,보통이에요,화면과 비슷해요,168cm,49kg,상의 55,사이즈도 너무 타이트하지 않고 적당한 핏이라 이너로 입기 딱 좋아요. 흰색은 생각보다 얇아서 단독으로 입을 땐 나시 입어줘야할 것 같아요. 재질도 부드러워서 좋습니다!
deKyBu3x,,23.10.12,블랙,아이보리,정사이즈예요,아주 만족해요,화면과 비슷해요,157cm,48kg,상의 44,"진짜 차르륵 느낌이네용 입었을때 느낌이 너무 좋아용 쫀쫀한데 잘 늘어나고 핏이 일단 촥 감깁니다 너무 만족해용
보풀 잘 안생기는 재질이네요 ㅎㅎ"
슬리나,,23.09.28,소라,먹색,정사이즈예요,아주 만족해요,화면과 비슷해요,159cm,47kg,상의 55,가격 대비 퀄리티 좋고 박음질 튼튼합니다. 색깔은 소라색은 보라빛이 한방울 섞인 느낌이에요.(제가 찍은 사진이랑 실물 많이 다릅니다) 먹색은 사진이랑 비슷했어요.
감자민,상위 5%,23.09.16,청록,소라,정사이즈예요,아주 만족해요,화면과 비슷해요,159cm,53kg,상의 55,애기 엉덩이마냥 보들보들한 재질.. 이런 건 오프라인에서 자주 샀었는데 온라인 구매 성공한 건 처음입니다!! 진짜 예뻐요 스판도 좋고 입어보니 빨리 가을이 와서 입고 싶네요 ~~
Lxl9A42u,,23.02.22,소라,코코아,정사이즈예요,보통이에요,화면과 비슷해요,162cm,47kg,상의 44,쫀쫀 하고 딱 몸에 붙어서 핏도 예쁘게 나오는 것 같아요 !! 진짜 진짜 예뻐요 근데 소라색은 제가 생각했던 색깔은 아닌 것 같아요 소라 보단 보랏빛? 이 더 강한 느낌이에요
papa******,,23.01.10,베이지,코코아,정사이즈예요,아주 만족해요,화면과 비슷해요,160cm,60kg,상의 66,"엄청 부들부들하고 잘 늘어나서 좋았어요🫶🏻
요즘 맨날 이너로 껴입는데 너무너무 좋습니다!
색깔도 딱 맘에 들어서 다른 색으로 재구매하려구요🤗"
02sCsivJ,,22.12.26,소라,톤다운핑크,정사이즈예요,보통이에요,화면과 비슷해요,157cm,49kg,상의 66,"저렴한만큼입니다~ 
살짝 광이돌고 세탁 전에는 목이 길었던 거 같은데 빨고 나니까 목이 짧고 널널해졌어요
오히려 더 좋긴하지만...
마감 보여드려요"
P3fZowI1,,22.11.29,베이지,톤다운핑크,정사이즈예요,보통이에요,화면과 비슷해요,160cm,50kg,상의 55,"겨울 다가오면 매년 한번씩 구매하는데
레이어드 해서 입기에 딱 좋아요
블랙앤화이트만 사 봤는데 이번엔 다른 색 구매해서 보니까 약간 유광이라서 아쉽긴한데 그래도 이쁘긴해요"
1F9QXomc,,22.10.30,베이지,크림,정사이즈예요,보통이에요,화면과 비슷해요,157cm,44kg,상의 55,아주 잘샀어요 여기저기 입기 편하고 목도 편해사 아즈 젛아여 다른 색들더 구매할 예정입니다!! 강추에여 여기 기본티들이 다 한철입기 괜춘
FU7Aduge,,22.09.03,브라운,먹색,정사이즈예요,아주 만족해요,화면과 비슷해요,152cm,46kg,상의 55,가격이 저렴해서 걱정했는데 그 걱정이 무색하게 너무 만족스러워요ㅠㅠ 목부분도 짱짱하니 튼튼해보이고 색도 이쁘네요 나중에 다른색으로 더 살려구요!
grNUtq5D,,22.04.06,아이보리,코코아,정사이즈예요,아주 만족해요,화면과 비슷해요,164cm,46kg,상의 55,"화면에는 안 담기는데 소재가 생각보다 고급스러워보이는?? 느낌이라 만족했습니다
이너로 받쳐입기도 단독으로 입기도 좋은 폴라티 였네요!"
M8t0U62y,상위 25%,22.04.06,크림,블랙,정사이즈예요,보통이에요,화면과 비슷해요,168cm,52kg,상의 55,너무 타이트하지 않아서 좋아요! 부들보들해서 안입은거같이 편하고 가벼워오ㅎㅎ 그치만 너무 얇지도 않아요! 블랙은 당연히 안비치지만 밝은색은 살짝 비침이 있어요
CvEIoX6M,,22.03.20,베이지,코코아,정사이즈예요,보통이에요,화면보다 어두워요,152cm,45kg,상의 44,색감은 화면이랑 비슷해요 코코아는 거의 고동색+회색이라고 할수 있어요 코코아색은 절대 아닙니다 베이지는 스킨색이랑 비슷한거 같아요 옷자체는 부드럽고 좋습니다.
fqRgpkR2,상위 20%,22.03.17,청록,코코아,정사이즈예요,보통이에요,화면과 비슷해요,164cm,56kg,상의 66,"얇지만 보들보들하구 길이감도 딱좋네요!
코코아색은 거의 그레이에 가까워요~^^
지금같은계절에 이너로입기에 딱이예요!
다른색두 사려구요!"
qKyvb1hK,,22.03.13,아이보리,소라,정사이즈예요,보통이에요,화면과 비슷해요,165cm,60kg,상의 66,가격에 비해 훨씬 만족합니당 진짜 입었을때 부들부들하고 팔길이나 총 길이도 마음에 들어요!! 하나 더 주문하려구용 색감도 진짜 이뻐용 특히 소라색!!
SeRyeigR,상위 30%,24.02.21,아이보리,블랙,정사이즈예요,아주 만족해요,화면과 비슷해요,178cm,78kg,상의 77,재질은 기대를 안했는데 너무 좋습니다. 따뜻하고 보들보들합니다. 제가 팔이 긴편인데 딱 맞지는 않지만 짧지도 않아서 만족스럽습니다
잼미,상위 10%,24.02.17,아이보리,베이지,정사이즈예요,아주 만족해요,화면과 비슷해요,163cm,50kg,상의 55,재질이 얇아서 이너로 받쳐 입기 편하고 좋아요! 목부분도 짱짱해서 잘 안늘어날 것 같아요ㅋㅋ색깔별로 쟁여놨더니 마음이 든든하네유
XuecJFOX,,24.02.17,코코아,톤다운핑크,정사이즈예요,보통이에요,화면보다 어두워요,,,,"아하…이 색감이 생각보다 진하다해야되나 싶은데…
퀄리티도 그냥저냥 그냥 추천…정도
완전개개개개왕왕ㅇ왕추천까진 잘 모르겠어요..
그래도 1+1에 이정도면 심심할때 입게 사놔야겠다 정도임둥"
juli******,상위 30%,24.02.15,아이보리,베이지,정사이즈예요,보통이에요,화면과 비슷해요,157cm,67kg,상의 66,이너티로 입기 되게 좋아요!! 기본이너티가 필요해서 구매했는데 가격 대비 원쁠원에 가성비 최고!! 얇은데 탄탄해서 입기 좋아여 ㅎㅎ
6dq3zzTD,상위 5%,24.02.09,아이보리,연그레이,정사이즈예요,보통이에요,화면과 비슷해요,161cm,52kg,상의 55,목부분 짱짱해요! 다만 몇번 빨면 금방 늘어날 것 같긴합니다.. 저렴해서 감안하고 샀습니다! 이너로 입기 좋고 색감도 다 괜찮아요
audf******,,24.02.06,소라,진핑크,정사이즈예요,아주 만족해요,화면과 비슷해요,172cm,50kg,상의 55,색상은 사진으로 본 색상과 거의 동일해서 너무 마음에 들었어요 :) 박음질도 깔끔하고 면이 부드러워서 잘 입을 것 같아요 :)
O51exDk6,,24.02.04,아이보리,연그레이,정사이즈예요,보통이에요,화면과 비슷해요,161cm,47kg,상의 55,"일단 가격이 너무 착해서 맘에들고
무난히 잘 입을 수 있어요
재질은 얇아서 다 비치지만 
이너로 입기에는 좋아요
추천합니다"
SXhGxJt1,,24.01.25,아이보리,블랙,작아요,보통이에요,화면과 비슷해요,168cm,57kg,상의 55,제가 목이 굵어서 그런지 목이 좀 낑겨용ㅋㅋㅋㅠ 그래도 핏 예쁘고 여성여성해보여서 죠습니다! 저렴하게 잘 산 것 가타여
8gcbBkYZ,,22.03.22,아이보리,코코아,정사이즈예요,보통이에요,화면과 비슷해요,169cm,53kg,상의 55,"첨에 쪼그매서 넘 작은 거 아닌가 햇는데 스판이라 ㅁ죽쭉 잘 늘어나용 ㅎ 근데 후기처럼 엄청 비쳐요 ㅜ 그래두 예븜
목이 약간 헐렁해서 전 반 접어서 입으려구뇽"
안아현,,23.12.19,소라,블랙,정사이즈예요,아주 만족해요,화면과 비슷해요,163cm,49kg,상의 55,"딱 내가 찾던 i
부들부들 얇고 이너로 입기 딱좋아요
가격대도 저렴해서 휘뚜루 마뚜루 입다가 보내줄 생각이고 다른컬러도 구매하려구해용"
VOB2gBDJ,상위 10%,23.12.17,블랙,먹색,보통이에요,화면과 비슷해요,,166cm,50kg,상의 55,가격 대비 퀄리티 좋아요 다만 먹색은 약간 보라색에 가까운 먹색이라서 약간 잘못하면 촌스러울 수도있는것같아요. 그래도 가격에비해 잘산것같습니다
wisd******,,23.12.09,아이보리,블랙,정사이즈예요,아주 만족해요,화면과 비슷해요,163cm,50kg,상의 44,자주 입고 다녀요. 원단이 부드러워서 착용감이 좋아요. 검+흰 구매했는데 흰색의 비침을 어느 정도 예상했지만 좀 시스루 같은 느낌이에요. 지나다니는 사람들이 제 속옷 색을 알 것 같아서 이너는 꼭 입어야 돼요.
wuSKpR9s,,23.12.04,아이보리,블랙,정사이즈예요,보통이에요,화면과 비슷해요,,,,살짝 퀄이 떨어지는 느낌이 있었지만 가걱대비 질은 좋은것 같아요 겨울에 맨투맨이나 이너 안에 입어도 예쁘고 날 풀리면 자켓 안에 살짝만 입어도 좋을 것 같아요
ixGep7Jy,,23.12.02,아이보리,블랙,정사이즈예요,아주 만족해요,화면과 비슷해요,165cm,69kg,상의 66,"입었을때 허리가 좀 짧은느낌은데
단전까지 내려오고 허리가 좀 긴편이라 상관은없을것같아요 다른분들은
일단 부드럽고 좋았어요
얇아서 받쳐입기 좋았는데
속옷은 좀 비쳐서 이런거 예민하시면 주의하시면 될듯싶어요"
ixGep7Jy,,23.12.02,소라,딥블루,정사이즈예요,아주 만족해요,화면과 비슷해요,165cm,69kg,상의 66,"입었을때 허리가 좀 짧은느낌은데
단전까지 내려오고 허리가 좀 긴편이라 상관은없을것같아요 다른분들은
일단 부드럽고 좋았어요
얇아서 받쳐입기 좋았는데
속옷은 좀 비쳐서 이런거 예민하시면 주의하시면 될듯싶어요"
OPHgW6tg,,23.11.30,베이지,블랙,정사이즈예요,아주 만족해요,화면과 비슷해요,,,,"목이 달라붙는 폴라티라 맘에들어요
근데 승모쪽의 원단패턴때문인지 좀 들뜨면서 모양이 애매해지니 가급적 단일보단 안에넣어입는용도로만...
어깨간격도 좀 좁네요. 가격이나 색감이 좋아서 막입긴좋아요!"
I1Gwum1K,상위 30%,23.11.27,블랙,코코아,정사이즈예요,아주 만족해요,화면과 비슷해요,,,,"코코아/블랙구입
와! 1+1 이라 가격도 저렴한데 리뷰도 많아서
믿고 구입해 봤어요~
기대 이상이에요^^
목부분도 예쁘고 입었을때 편안해요~~!!"
jrJfrstL,,23.11.24,블랙,아이보리,정사이즈예요,아주 만족해요,화면과 비슷해요,160cm,53kg,상의 55,딱 맞고 예쁩니다 무엇보다 따뜻해서 너무 좋아요 ㅠㅠㅠㅠ 흰색은 아직 안입어봤는데 검정색부터 넘 만족해서 또 살거에요 겨울엔 목폴라죠
FVpwCHQC,,23.11.22,블랙,블랙,정사이즈예요,보통이에요,화면과 비슷해요,,,,"목부분이 약간 조이긴 한데 그리 신경쓰일 정도는 아닙니다! 검은색이어도 빛 아래서 약간 비침이 있어서 밝은 속옷은 같이 안 입는 편입니다
얇은 편이어서 겨울에 단독으로 입기엔 무리가 있고 이너로는 괜찮습니다."
Fo6pq37O,,23.11.22,베이지,톤다운핑크,정사이즈예요,보통이에요,화면보다 어두워요,157cm,50kg,상의 55,우선 레이어드 이너로 입으려고 샀는데 재질도 무난하고요 막입으려고 산거라서 가성비 만족합니다! 핑크는 쿨톤인 저한테는 잘 맞아용 예쁜 인디핑크입니다! 베이지는 생각보다 탁해서 매치하기 애매해 검정이나 흰색으로 살걸 그랬습니다..!
OPFD5OhN,,23.11.17,아이보리,톤다운핑크,정사이즈예요,보통이에요,화면보다 어두워요,158cm,48kg,상의 44,"단독으로 입기는 너무 얇아서 무슨속옷을 입어도 다 비쳐서 힘들거같고 이너로 입기은 딱 좋은거같아요
저렴한가격에 이정도 퀄리티면 나쁘지 않은거같습니당"
FmGS2sJW,,23.11.11,아이보리,블랙,생각보다 커요,보통이에요,화면과 비슷해요,168cm,62kg,상의 55,생각보다는 저에게 꽉 끼네효.. 흑 흑 그래도 안에 받혀입기에는 좋은 거 같아서 만족합니다!겨울에 맨날 목티가 사라지는데 이건 잘 입을게요..
FmGS2sJW,,23.11.11,아이보리,소라,정사이즈예요,아주 만족해요,화면과 비슷해요,168cm,62kg,상의 55,생각보다는 저에게 꽉 끼네효.. 흑 흑 그래도 안에 받혀입기에는 좋은 거 같아서 만족합니다!겨울에 맨날 목티가 사라지는데 이건 잘 입을게요..
stn2pFen,,23.10.26,연그레이,소라,정사이즈예요,보통이에요,화면과 비슷해요,164cm,60kg,상의 66,사진보다 채도높고 노란끼 적어요 그레이는 어떻게보면 라이트그레이-블루 사이로도 보여요 근데 그래서 더 맘에 듭니다~!
U0ledgpu,,22.10.27,크림,코코아,정사이즈예요,아주 만족해요,화면과 비슷해요,160cm,60kg,상의 66,"얇은데 얇은거 알고 산거라서 괜찮았어요!
겨울 출근룩이 늘 셔츠+폴라 조합이라 이너로 입을 용도로 산거라서 만족해용 8벌 쟁였어요ㅋㅋ
스판기 개좋고 편안합니당 다만 블랙/아이보리도 있었음 해요"
DRUI48A5,,22.04.11,아이보리,블랙,정사이즈예요,아주 만족해요,화면과 비슷해요,173cm,75kg,상의 77,흰색은 아무래도 비침이 있긴하지만 이너로 입을려고 산거라 괜찮은거 같고 블랙은 사람이 말라보이는 착시효과를 줘서 그런가 괜찮네요 퀄리티도 마감처리 괜찮아서 다음에 다른 색상도 사보고싶네요
wLTqt0Vp,,22.03.30,크림,블랙,생각보다 커요,보통이에요,화면과 비슷해요,162cm,40kg,상의 44,저는 목이 딱 달라붙는 줄 알았는데 ㅜㅜ 흐물흐물하니 목을 착 감싸주질 않네요 ㅠㅠㅎ 검정색 샀는데 먼지도 잘 붙는 것 같구여. 뭐 이너로 입을거라 상관 없긴한데 목 부분이 너무 흐물거려요 ㅜㅜ..
4UnqBoJv,,22.03.18,블랙,코코아,정사이즈예요,보통이에요,화면보다 밝아요,163cm,58kg,상의 55,"가격대비 퀄리티 좋아요
어짜피 이너로 입는거니까 얇아서 좋구요
짱짱해서 착용감좋아요!!
길이는 긴편은 아니예요 저는 오히려 이 길이가 좋았는데 바지에 넣어서 입으려고 생각하면 살~짝 짧다고 느낄 수도 있을 것 같아요 ㅎㅎㅎㅎ
블랙색상은 괜찮구요 코코아색 같이 구매했는데 코코아색은 좀 밝은 것 같아요!!"
xh0KToqQ,,22.03.15,크림,소라,정사이즈예요,아주 만족해요,화면과 비슷해요,156cm,60kg,상의 66,"레이어드해서 입을 목티가 필요했는데 얇고 찰랑, 부들거리는 느낌이라서 좋아요. 그리고 입을 때 머리를 쏙 빼면 알아서 목에 주름이 예쁘게 잡혀요! 단독으로 입기엔 많이 비치고 레이어드엔 찰떡입니당!"
GNK0lrl5,,22.03.11,먹색,청록,정사이즈예요,보통이에요,화면과 비슷해요,158cm,57kg,상의 55,색은 둘다예쁜데 생각했던것보다 청록색이 예뻐서 자주입고 다녔어요! 근데 옷 세번정도 빠니까 목이 너덜너덜해져서 스판끼도없고 이게뭐지 싶을정도로 늘어지네요 ㅠㅠ 다른곳 목폴라만입다가 여기꺼 궁금해서 사봤는데 목이 잘늘어나서 아쉬워요😥
bd55fcCe,,22.03.10,아이보리,코코아,작아요,보통이에요,화면과 비슷해요,168cm,60kg,상의 66,휘뚤마뚤 출근템으로 샀는디 팔은 은근짧고 엄청 달라붙음 생각한것보다 스판끼가 없어요 어차피 속에입을거라 상관은 없지만은 예상만큼 차르륵!한것도 없고 그냥 한철 이모저모 입을듯한 퀄리티
nsuW4v9w,,24.02.26,블랙,코코아,정사이즈예요,아주 만족해요,화면과 비슷해요,162cm,43kg,상의 33 이하,"팔 길이가 조금 짧아서 아쉬워요
폴라부분이 딱 맞아서 답답한거 싫어하시는 분은 조금 블편하실것 같아요
색은 예쁘고 좋아요"
PwfCZJ54,,24.02.26,아이보리,연그레이,정사이즈예요,보통이에요,화면과 비슷해요,160cm,50kg,상의 44,이너로 입기 딱 좋았어요! 목까지 올라오는걸 별로 좋아하는 편이 아닌데 이 제품은 답답하지 않아서 손이 자주 가는 제품입니다! 1회 빨래까지 해봤지만 보풀없이 깔끔해요!
lXY7biJU,,24.01.20,아이보리,소라,정사이즈예요,보통이에요,화면과 비슷해요,160cm,49kg,상의 55,딱 생각했던 색과 퀄입니다~~ 기본으로 입기에 좋아요 아이보리는 속옷흰색 입어도 실루엣이 보이긴 하지만 이너로만 입을거여서 전괜찮습니다~~~
XeqRrrOP,,23.12.17,소라,톤다운핑크,정사이즈예요,보통이에요,화면과 비슷해요,160cm,52kg,상의 55,소라색이랑 핑크색 둘 다 톤이 적당히 다운되서 그레이니트 안에입기 너무 괜찮았어요! 목부분도 생각보다 탄탄해서 따뜻했습니다
DQRIEvNY,,23.12.14,아이보리,블랙,정사이즈예요,아주 만족해요,화면과 비슷해요,168cm,85kg,상의 88,월쁠원으로 구매하길 너무 잘햇어요 색깔별로 꼭 쟁여나야함요 잘 늘어나고 쫀쫀하게 몸에 촥 감기는 느낌이 너무 조아요오오오
lsDTj3Ts,,23.12.13,아이보리,블랙,정사이즈예요,아주 만족해요,화면과 비슷해요,158cm,56kg,상의 55,"넉넉한 핏을 생각했응데 생각보다 타이트해요
하지만 목폴라는 거의 이정도 착용감이라
만족합니다
흰색이랑 검은색 샀는데 만족해요!"
8nYrMb5X,,23.12.08,베이지,톤다운핑크,정사이즈예요,아주 만족해요,화면보다 어두워요,,,,생각보다 팔이 약간 짧긴 한데 나머지는 좋아요 소재도 나쁘지 않음 보풀은 일어날 느낌...한철 입기에는 좋을 거 같아요
wyoGEHdd,,23.12.08,아이보리,블랙,정사이즈예요,아주 만족해요,화면과 비슷해요,156cm,52kg,상의 44,쭉쭉 늘어나고 보들보들해서 착용감이 좋았어요 ㅋㅋ 전에 산 목티는 안쪽에 보풀이 심했는데 이건 면이라 안생길거같아요. 만족합니다
phr1***,,23.12.05,네이비,블랙,정사이즈예요,아주 만족해요,화면과 비슷해요,160cm,48kg,상의 44,차르르 감기는 소재에요 부들부들 건조기 막 돌려도 괜찮은데 보풀은 있어요! 이너로 입기 넘나 좋은 기본티 입니다용ㅎㅎ
0JmEEfxa,,23.12.04,아이보리,블랙,정사이즈예요,보통이에요,화면과 비슷해요,,,,"흰색, 검정색 하나씩 구매했어요. 
야들야들한 소재라 느낌도 좋고 목부분이 짱짱해서 잘잡아주는 것 같아 좋습니다!!"
QwiSEmzb,,23.12.02,민트,코코아,정사이즈예요,아주 만족해요,화면과 비슷해요,169cm,48kg,상의 44,가디건 안에 입으려고 샀는데 넘 맘에 들어요 보들보들하고 쫄리지 않아서 편하게 입기 좋네요 배송도 빨라서 만족합니다 ㅎㅎ
70DG46B5,,23.11.29,청록,네이비,정사이즈예요,보통이에요,화면과 비슷해요,161cm,52kg,상의 44,후들후들한 폴라티가 필요해서 샀는데 생각한 그 느낌이여서 좋았고 색감이 너무 예뻐요ㅠㅠ 순서대로 네이비 청록 소라 먹색입니다
70DG46B5,,23.11.29,먹색,소라,정사이즈예요,보통이에요,화면과 비슷해요,161cm,52kg,상의 44,후들후들한 폴라티가 필요해서 샀는데 생각한 그 느낌이여서 좋았고 색감이 너무 예뻐요ㅠㅠ 순서대로 네이비 청록 소라 먹색입니다
B8x8pNK3,,23.11.25,청록,소라,정사이즈예요,아주 만족해요,화면과 비슷해요,154cm,50kg,상의 55,"니트 안에 이너로 입기 딱이예요
완전 씨쓰루 두께로 얇고 부드러우면서 쫀쫀해서 착용감도 보온도 너무 좋습니다 감사합니다"
cZtIxM0K,,23.11.24,아이보리,아이보리,정사이즈예요,보통이에요,화면과 비슷해요,158cm,44kg,상의 44,작년에도 구매하고 편하고 막입기 좋아서 또 구매했습니다~~ 색상두 딱 화이트 색상이고 쫀쫀하니 좋아요 !! 예쁘게 입을게요 ~
MhfAyKVL,,23.11.23,소라,블랙,정사이즈예요,보통이에요,화면과 비슷해요,164cm,55kg,상의 66,색감 미쳤어용 너무 예쁘고 맘에 들어용 겨울에 안에다 받쳐 입기 딱 좋을 거같아요 정사이즈에요 가격도 가성비도 미쳤어요ㅠㅠ
drH6rwKp,상위 10%,23.11.23,블랙,소라,정사이즈예요,보통이에요,화면과 비슷해요,155cm,54kg,상의 55,재구매 했어요~ 옷이 부드럽고 쫀쫀해서 핏도 예쁘고 색상도 잘빠져서 맘에 들더라구요 나중에 늘어나면 또 구입할게요 ㅋㅎㅋㅋㅋ
Uc9YVOWb,,23.11.19,아이보리,청록,정사이즈예요,아주 만족해요,화면과 비슷해요,162cm,58kg,상의 55,생각보다 팔길이는 쫌짧은거같긴한데 이뻐요 마음에들어용 두꺼우면 저는 쫌답답하던데 딱적당해서 좋아용 다른색상도 구매하려구요
YWF2tGeA,상위 20%,23.10.23,아이보리,블랙,정사이즈예요,아주 만족해요,화면과 비슷해요,,,,블랙과 아이보리로 샀습니다. 두께가 얇은듯 하지만 차갑지 않고 쫀쫀합니다. 이너로 입기에 지금 시기 딱 적당한 듯 싶습니다!!
sxJINBoz,,23.09.15,아이보리,소라,정사이즈예요,아주 만족해요,화면과 비슷해요,165cm,50kg,상의 55,"소재 너무 부들거리고 잘늘어나서 좋아요! 
색감도 너무 마음에들고 휘뚜루마뚜루 완전 데일리템으로 딱이에요 가격도 넘나 착한"
NbulzZSD,,23.04.09,브라운,코코아,정사이즈예요,아주 만족해요,화면과 비슷해요,165cm,54kg,상의 55,감촉 차르르하고 부드러워서 좋아요! 갈색도 검은 속옷 입으면 비침 있어서 이너 필수일 듯 합니다 사이즈 등은 다 적당하고 좋아요
JW4Zc5sP,상위 15%,23.02.28,베이지,먹색,정사이즈예요,보통이에요,화면과 비슷해요,161cm,56kg,상의 66,블랙과 화이트 잘 입다가 추가구매합니다! 블랙 품절이라 먹색 구매했어요! 그래도 괜찮은것같아요 찰랑찰랑한 소재라 맘에들어요
9sbi0EpK,상위 20%,23.01.11,청록,먹색,정사이즈예요,보통이에요,화면과 비슷해요,155cm,47kg,상의 55,작년에 사고 잘입어서 다른색상으로 주문하러 왔어요~~ 부들부들하고 목부분도 답답하지 않고 딱이에요! 청록색이 기대이상으로 이뻐요
i9XMC3Ab,,22.12.04,소라,브라운,정사이즈예요,보통이에요,화면과 비슷해요,159cm,48kg,상의 55,"쫀쫀하고 부드럽고 너무 좋은데 한철만 입을수 있는 느낌,,? 한 세번입으면 벌써 보풀 일어나용 그래도 색감 너무 예뻐서 또삼"
VpQlSxef,상위 20%,22.12.03,브라운,베이지,정사이즈예요,아주 만족해요,화면과 비슷해요,,,,쫀쫀하구 살짝낙낙한게 이쁘고 편합니다~!! 색깔별로 사고싶은 마음이예요 ㅎㅎ 겨울동안 든든하게 입을수있을것 같아요~!!
WBe0Fw8H,,22.11.24,브라운,와인,정사이즈예요,아주 만족해요,화면과 비슷해요,156cm,50kg,상의 55,"검정 재구매하려고 하였으나 품절이라 다른 색상구매합니다
재질과 보온 모두 만족스럽습니다
색상별로 다 사고싶습니다 굿굿굿"
Ow1FyrIy,상위 1%,22.11.01,먹색,와인,정사이즈예요,아주 만족해요,화면과 비슷해요,165cm,54kg,상의 55,"좀 얇긴한데 감이 좋아서 이너로 입기 딱 좋아요! 상체가 마른 편인데 딱 적당하게 맞아요
차콜 색이 이쁘게 나온거같아요!"
9e**,,22.03.13,아이보리,블랙,정사이즈예요,보통이에요,화면과 비슷해요,160cm,59kg,상의 66,"쫀쫀하고 잘 늘어나요
흰색응 속에 뭐입었는지 티나고
검은색은 밝은데 있으면 가슴골 비쳐요
그래도 속에 입는거니까 괜찮지요"
wgu25i0L,,24.12.08,아이보리,블랙,정사이즈예요,아주 만족해요,화면과 비슷해요,168cm,51kg,상의 55,"너무 맘에들어요~ 얇고 편하고 사이즈
도 맞고 또구매하려구요 몸매라인도 이쁘게 나오구 답답하지않아요 그래서 자꾸만 입게되네요"
h1mrRDfr,,24.02.02,아이보리,연그레이,정사이즈예요,아주 만족해요,화면보다 어두워요,163cm,52kg,상의 55,생각보다 더 얇긴한데 옷이 얇아서 그런지 더 많이 입을 수 있을거 같고 생각보다 약간 어두워요. 색이 진하지는 않아요. 잘 입을거 같아요. 감사합니다~
E6QiEuOb,,24.01.10,블랙,아이보리,정사이즈예요,아주 만족해요,화면과 비슷해요,,,,"겨울이라 레이어드 할 폴라티를 구매했는데
이 가격에 이 퀄리티 최고에요! 
원플러스 원인데 휘뚜루 마뚜루 잘 입을 수 있을 것 같아요!"
BF6QXngm,상위 15%,24.01.03,아이보리,코코아,정사이즈예요,아주 만족해요,화면과 비슷해요,156cm,52kg,상의 55,코코아색 갈색류(?)일줄 알고 샀는데 회색류네요… 참고하세요 제가 찍은 거 보다 조금 어두워요 근데 뭐 이 색도 나쁘지 않아요 옷은 부드럽고 좋아요
9dphnklE,상위 20%,23.12.01,아이보리,블랙,정사이즈예요,아주 만족해요,화면과 비슷해요,163cm,57kg,상의 55,"블랙 화이트 두개 샀는데 아주 대만족입니다.
가격에 비해 퀄리티도 좋았습니다.
화이트는 속옷입을때 신경 써야될거 같고 이너로 입기 딱 좋습니다."
rq1XrEQf,,23.11.24,아이보리,블랙,정사이즈예요,보통이에요,화면과 비슷해요,160cm,45kg,상의 44,기본 목폴라티 유목민이었는데 친구 추천으로 사게 되었어요. 이너로 입으려고 샀는데 재질도 부들부들하고 목부분도 착 감기는게 제가 찾던 목티입니다…
aled******,,23.10.28,톤다운핑크,블랙,작아요,보통이에요,화면과 비슷해요,160cm,54kg,상의 55,"맘족스러운 가격에 두개 구매한거같아요 
얇아서 이너로입기에 좋고 딱 한철용입니다~
그래도 가격이 저렴하니 여러색상 구비해놓고 올해 입기 딱이에용~~"
MgwN4eBG,,23.01.30,청록,코코아,정사이즈예요,보통이에요,화면과 비슷해요,152cm,46kg,상의 55,"쬰쬰하고 색감도 넘 예뻐요!
일반 면이랑은 좀 다르게 실크? 아 뭔가 설명하기 어려운데ㅠ 부드러워요
매년 하나씩 사고싶을 것 같아요!"
AmDSjvAz,,22.03.18,크림,아이보리,정사이즈예요,아주 만족해요,화면과 비슷해요,152cm,50kg,상의 55,크림이랑 블랙을 했어야했는데ㅜ 정신을 어디다가 놓고 선택한 건지 크림과 아이보리를 선택해 버렸네요 ㅠㅜ 이런~ 그래도 컬러ㅜ너무 고급지고 무난히 잘 입을 수 있을 것 같습니다~~ 만족합니다~~
OutpN9c6,,22.03.09,베이지,블랙,정사이즈예요,보통이에요,화면과 비슷해요,168cm,53kg,상의 55,"정말 얇아요 날이 따뜻해져서 목폴라사면서 머뭇거렸는데 정말 얇아서 두개 겹처입어도 될 정도에요 퀄은 나쁘지않은데 밝은색 입고 안에 진한색 속옷 입으면 백퍼 비칩니다 
검정안에 흰색나시입었는데 비쳤어요 근데 가까이서 봐야 그러니까 그냥 입으려구요"
hgmuIHM5,,24.03.19,아이보리,블랙,정사이즈예요,아주 만족해요,화면과 비슷해요,160cm,50kg,상의 55,"이너 및 겉옷으로 입을려고 아이보리랑 블랙샀는데
블랙도 비침있어서 이너로 입어야될것같아요ㅠㅠ
그래도 부드럽고 쫀쫀해서 입기 좋아요👍👍"
LkyOjkXK,,24.02.11,블랙,연한먹색,정사이즈예요,아주 만족해요,화면과 비슷해요,165cm,65kg,상의 66,사진과 색상도 똑같고 키가 164인데 기장도 딱 알맞아요! 여행 갈 때 입으려고 샀는데 여행 내내 아주 만족스럽게 잘 입었어요!!
KbbwmHrB,,24.01.02,아이보리,민트,정사이즈예요,아주 만족해요,화면과 비슷해요,157cm,46kg,상의 44,기본템이라 저렴하면서도 질 좋은거 찾고찾다 주문했는데 가성비 짱인듯요. 적당히 핏되고요 목은 안접었을때 꽉 쪼이는거 없구요. 이너로 입기 딱이네요. 깔별로 쟁이고싶어요
lay0***,,23.12.23,아이보리,블랙,정사이즈예요,아주 만족해요,화면과 비슷해요,158cm,56kg,상의 55,부드러워서 목이 따갑지않아 좋습니다! 생각보다 갑갑하지도 않아용!! 가성비로 입기 좋아서 더러워지면 또 구매하려고합니다
gz6OZ0MX,상위 30%,23.12.12,블랙,코코아,정사이즈예요,보통이에요,화면과 비슷해요,163cm,58kg,상의 55,봄 가을 겨울 필수템으로 구입했어용 이가격에 이정도면 그냥 당연히 필수템으로 구입하는정도! 가성비로 젤좋아하는 기본템인거같아용
GgRtrEcz,상위 5%,23.12.11,아이보리,네이비,정사이즈예요,아주 만족해요,화면과 비슷해요,164cm,47kg,상의 44,팔 길이가 조금 더 길면하는 아쉬움은 있지만 핏도 잘맞고 목도 불편함없고 소재도 부드러워요! 안에 레이어드로 입기 좋아요 색상도 원하는 색상이고 만족해요
sBBWk6W7,,23.12.09,톤다운핑크,아이보리,정사이즈예요,보통이에요,화면과 비슷해요,162cm,54kg,상의 55,"이쁩니다 핑크는 살짝어두운 핑크예요 팔부분이.짧네용 살짝길엇으면 더 좋앗을것같아요 그래도 만족입니다
 이쁘게.잘 입을게요"
BQlgpjuV,,23.11.28,아이보리,소라,정사이즈예요,보통이에요,화면과 비슷해요,158cm,45kg,상의 44,배송도 빠르고 저한테 딱 맞아서 좋아요 적당한 가격에 좋은 제품 받은 것 같아서 좋아요 아주 만족합니다 추천 드려요 감사합니다
O5RwApTa,상위 25%,23.11.27,아이보리,블랙,정사이즈예요,보통이에요,화면과 비슷해요,165cm,64kg,상의 55,생각보다 얇은감이있었어요 !! 이너로입기는 딱입니다! 잘입을게요^^감사합니다 배송도 빨라서 좋았어요~ ㅎㅎ
BSDWce17,상위 15%,23.11.20,아이보리,코코아,작아요,보통이에요,화면과 비슷해요,160cm,50kg,상의 55,"쫀쫀하구 생각했던 색상이라 맘에 듭니다 한철용으로, 이너로 입기 딱 좋은거같아요! 저는 뱃살때문에 이너용으로만 입어야할것같아요😂"
H5J8dwsQ,,23.11.16,아이보리,소라,정사이즈예요,보통이에요,화면과 비슷해요,166cm,58kg,상의 55,색깔도 맘에 들고 한데 아쉬운 점이 하나 있어서 별을 뺐어요~ 기존에 갖고 있던 다른 목티에 비해서 팔길이가 너무 짧아요.
lBhWYIXM,,23.11.06,아이보리,블랙,정사이즈예요,보통이에요,화면과 비슷해요,200cm 이상,130kg 이상,상의 99 이상,"초가을에서 늦가을까지 딱 입기에 좋은 
초겨울에 입기엔 이너로 입어야할것같아요~ 
부들부들하고 아이보리는 얇아서 안에 속옷이 비추기도합니다"
Jd2mhhq1,,23.11.05,블랙,아이보리,정사이즈예요,아주 만족해요,화면과 비슷해요,160cm,46kg,상의 44,진짜 너무 만족해요ㅜㅠㅠㅠ 안에 살짝 비쳐서 더 맘에 듬!! 진짜 또 살 의향 완전 있음! 배송도 완전 빠르게 와서 좋습니당
kEMI4oot,,23.01.13,베이지,코코아,작아요,보통이에요,화면과 비슷해요,167cm,52kg,상의 55,"지난번에 블랙,화이트 잘 입어서 다른 색상으로 구매했어요
이번에 구입한건 반질반질한 느낌이 나네요
레이어드해서 잘 입고 있어요~"
YOwqgGon,상위 5%,22.10.30,크림,코코아,정사이즈예요,보통이에요,화면보다 어두워요,,,,"전에 샀을 때 만족하여 재구매합니다~
크림색인데 전혀 크림색스럽지 않아 당황했지만 그냥 입습니다…ㅋㅋ 소재나 바느질은 만족함니다"
PTuI9rUb,,22.08.05,청록,블랙,정사이즈예요,보통이에요,화면과 비슷해요,165cm,58kg,상의 55,저렴하게 구입한 것 같아요. 비침은 있어서 안에 이너를 잘 입어야할 것 같고 청록색은 사진보다 약간 더 어두운 것 같네요. 소재는 부드럽고 편해요.
ca**,,22.04.17,소라,아이보리,정사이즈예요,아주 만족해요,화면과 비슷해요,164cm,60kg,상의 66,아이보리도 맘에 들었는데 오늘 소라 입고 다니는데 색감 이쁘다는 말 정말 많이 들었어요ㅎㅎ 진짜 무난하게 기본으로 입고 다니기 딱 좋아요!
pvEDhAPj,,22.03.31,아이보리,아이보리,정사이즈예요,보통이에요,화면과 비슷해요,161cm,60kg,상의 55,"보풀 금방 일어날 것 같고, 엄청 좋은 퀄리티는 아닌데, 그냥 저냥 입을만해요. 흰색이라 당연히 비침있긴한데, 저는 레이어드용으로 산거라 괜찮아요"
fnUjgNvs,,22.03.29,브라운,코코아,정사이즈예요,보통이에요,화면과 비슷해요,160cm,62kg,상의 66,색깔 너무 만족스러버요~ 입을때 뻑뻑한 느낌이아닌 부드러운 느낌 목도 잘 안늘어나는 듯 여러개 쟁여둘 생각이에요~~
9f**,,22.03.22,블랙,톤다운핑크,정사이즈예요,보통이에요,화면과 비슷해요,158cm,49kg,상의 44,블랙은 진짜 무난템이구 핑크는 우려와 달리 괜찮았어요! 톤다운 핑크인데 저는 넘 예쁘다고 생각합니다ㅎㅎㅎ 봄에 입기 딱 예쁠 것 같아요!
MEy3kfkT,,24.10.15,아이보리,베이지,작아요,보통이에요,화면과 비슷해요,162cm,60kg,상의 66,입어보니까 쫄쫄이 수트같아서 사이즈표 보니까 아.. 55까지ㅋㅋㅋ ㅠㅠ이마탁! 피곤할때 쇼핑은 하지말자... 제가 가슴 있어서 그런지 오빠.오빠 차 있어? 왕간다처럼 됐었어요 슬프네요
ohGfZt2w,,24.03.10,아이보리,블랙,정사이즈예요,아주 만족해요,화면과 비슷해요,161cm,50kg,상의 55,"아이보리, 블랙으로 주문했습니다!
색상은 깔끔한 것 같습니다!
소재도 좋고 쫀쫀합니다! 비침은 있어보여요! :>"
rPQTPZpX,,24.02.02,블랙,브라운,정사이즈예요,보통이에요,화면과 비슷해요,167cm,48kg,상의 66,색도 화면에 보이는 색이랑 같고 소재도 너무좋은데 팔이 살짝 짧아요.. 늘어나면 딱 맞겠죠?.. 그래도 만족입니다
PzFQvbjJ,상위 10%,24.01.31,아이보리,아이보리,정사이즈예요,보통이에요,화면과 비슷해요,162cm,57kg,상의 55,"원플원이면 할인! 이런 가짜 원플원이 아니구 하나사면 하나 더 주는 진짜 원플원이라 구매~!
생각보다 얇아서 비침 심하긴한데 어차피 안에 입을 거라 괜찮아염"
YddiEdc7,,24.01.30,블랙,먹색,정사이즈예요,아주 만족해요,화면과 비슷해요,161cm,47kg,상의 44,"배송도 빠르고 재질이 쫀쫀하니 좋아요.
좀 얇긴한데 어차피 이너로 입을 거라 상관없을 것 같습니다~ 색도 사진이랑 비슷해요"
ipmaUhp1,,23.12.23,아이보리,블랙,정사이즈예요,보통이에요,화면과 비슷해요,,,,"가성비로 입기에는 좋은 것 같아요! 겨울철에 목폴라는 필수인데 아주 잘 구입한 것 같습니다!!
이번 겨울은 이 아이템으로 버텨봅니다..."
yinzkZNg,,23.12.12,코코아,네이비,정사이즈예요,보통이에요,화면과 비슷해요,153cm,53kg,상의 55,"사진이랑 같아요 색도 이쁘고 휘뚜루마뚜루 입기 
좋아요 다른 색상두 살 예정 입니당
잘늘어나고 신축성잇고 바지,치마 어디든 잘어울려요"
lk8gdcx8,,23.12.01,아이보리,베이지,정사이즈예요,아주 만족해요,화면과 비슷해요,160cm,53kg,상의 55,"쫀쫀하구 목도 편안한게 아주 데일리룩으로 딱이에요
날도춥고해서 목이시려웠는데 이 옷 덕에 하루하루 따숩게 출근하고있어요... 정말 다행이랍니다..호호"
9RICfhZ9,,23.11.17,아이보리,블랙,정사이즈예요,아주 만족해요,화면과 비슷해요,159cm,52kg,상의 55,"이정도 비침있는데 안에 탑나시입고 입으면 안비쳐요! 목안접어서 입으니까 이쁜거같아용 ㅎㅎ
목이 짧아보일까봐 목티 안샀는데 잘 산거같아요 ㅎ"
TYr1LndR,,23.11.15,아이보리,베이지,정사이즈예요,아주 만족해요,화면과 비슷해요,157cm,51kg,상의 55,날씨가 추워져서 니트 안에 레이어드 할 폴라티로 구매했는데 너무 만족합니다! 단독으로 입기에는 조금 얇은 듯 해서 레이어드 용으로 자주 입을 것 같아요!!
FKY3BOHM,,23.10.13,아이보리,블랙,정사이즈예요,보통이에요,화면과 비슷해요,,,,블랙🖤🌚🐾🐕‍🦺🌑♟️🕶️👣🐜☕️👣🐈‍⬛앤화이트🤍🥼😶‍🌫️🦷🐑🦢☁️🥚🦴☃️🕊️🪽로 구매했고 엄청 얇은 소재에 촤르르 떨어집니다 ❣️
JtVzC1eO,,22.11.26,청록,와인,정사이즈예요,보통이에요,화면보다 어두워요,155cm,48kg,상의 44,"추워지전에,목폴라주문햇는데,빠른배송으로도착햇어요.
청록색은좀화면에서본것과좀다른것같지만,괜찮아오."
2MXhrAbD,상위 30%,22.09.04,청록,블랙,정사이즈예요,아주 만족해요,화면과 비슷해요,164cm,60kg,상의 55,"너무 얇지도, 두껍지도 않고 소재도 부드럽고
색깔도 이뻐서 만족해요!
깔별로 구매각입니다~~"
gLBnnuBb,상위 5%,22.04.10,브라운,블랙,정사이즈예요,아주 만족해요,화면과 비슷해요,154cm,56kg,상의 66,결혼하고 이사하면서 기존에 샀었던 옷을 동생이 입겠다하여 이번에 재구매 하였어요. 편하게 속에 맞춰입기 좋아서 블랙이랑 브라운 구매했습니다.
RZCsRoCP,,22.03.25,코코아,블랙,정사이즈예요,아주 만족해요,화면과 비슷해요,157cm,43kg,상의 55,"무난해요
부들부들해서 촉감 좋아요
가을에 다른색도 사려구요
목폴라여도 요즘 입기 딱 좋아요"
lNQ2V9UI,,22.03.21,아이보리,크림,정사이즈예요,보통이에요,화면과 비슷해요,150cm,48kg,상의 55,스판 장난 아니에요. 근데 좀 많이 비치고 얇아서 단독으로는 못 입고 무조건 레이어드 용. 몇 번 빨았는데도 망가지는 부분 없고 가성비 최고입니다.
W2dAplUM,,22.03.07,아이보리,소라,정사이즈예요,아주 만족해요,화면과 비슷해요,161cm,53kg,상의 55,부들부들하고 쫀쫀해서 이너로 받쳐입기 좋아요! 소라색은 파란색에 보라색 한방울 넣은 색감이예요
d73s87Ns,,24.01.05,아이보리,코코아,정사이즈예요,보통이에요,화면보다 어두워요,163cm,50kg,상의 55,살짝 얇고 촉감은 부들부들해요. 근데 보풀이 금방일어나더라고요. 그게 너무 아쉽습니다. 얇아서 그런건지 원단이 그런건지는 잘 모르겠습니다~ 코트 안에 하루 입었었는데 코코아색이 집와서 보니 금방 일어나있더라구요ㅠ 1+1 싸고 간단하게 입기엔 좋습니다!
2NdGPdNE,,23.12.27,아이보리,청록,정사이즈예요,보통이에요,화면과 비슷해요,162cm,52kg,상의 55,"무난무난해서 1+1+1로 검정 하나 더 장만하고싶어요
이너로 코디하기 좋네요
저렴하게 잘 샀숩니다 앙아아ㅏ ~~."
Oy9ySccr,,23.12.17,아이보리,블랙,정사이즈예요,보통이에요,화면과 비슷해요,,,,아이보리랑 블랙 샀는데 아무 옷에나 매치하기 좋아요~~ 흰색은 쫌 비치는데 이너라 저는 별로 상관 없었구영 좋아요오옹
2TpI6m0E,,23.12.07,아이보리,블랙,정사이즈예요,보통이에요,화면과 비슷해요,,,,촤르르 떨어지는 소재에요! 목폴라 소재가 중요한데 까슬거리지 않고 부드러워요~!! 겨울에 이너로 휘뚜루 마뚜루 템입니당!!
GsD4x3aH,상위 15%,23.12.07,베이지,톤다운핑크,정사이즈예요,보통이에요,화면과 비슷해요,165cm,68kg,상의 66,"싸면 비지떡입니다ㅋㅋㅋㅋ
알고산건 아니지만 딱 그만큼 가격입니다ㅋㅋㅋ
한철만 잘 입을께요 ㅋㅋㅋ
색은 다 예쁘네요 ㅋㅋ"
0Ms1GpwK,,23.12.01,블랙,브라운,정사이즈예요,아주 만족해요,화면과 비슷해요,150cm,49kg,상의 44,"아주짱짱하고 잘입을것같아서 하나더 시킬려구요!😊
목도 흐물안거리고 짱짱하게 붙어잇어요! 
소라색이랑 블랙 또 시킬려구요"
ERArcCdJ,상위 25%,23.11.23,브라운,블랙,작아요,아주 만족해요,,158cm,48kg,상의 44,가성비 쩔어요 담에듀 또 여기서 살래요 ㅠㅠ 가격에 비해 질이 되게 괜찮네요 근데 팔이 조금 짧아서 ㅋㅋ이너로 입기 되게 괜찮네요
이핑퐁,상위 15%,23.10.31,아이보리,블랙,정사이즈예요,아주 만족해요,화면과 비슷해요,166cm,68kg,상의 66,기대 안 했는데 퀄리티가 너무 좋아요! 그냥 이너로 입으려고 샀는데 이 날씨에 입어도 별로 춥지도 않고 신축성도 좋아서 요즘 거의 매일 입고 있어요ㅠㅠ
6UZFc8WX,상위 20%,23.10.24,아이보리,코코아,정사이즈예요,아주 만족해요,화면과 비슷해요,160cm,57kg,상의 55,저렴해서 퀄리티 기대는 안했는데 생각보다 마감도 잘 되어있고 좋아요 다른 색깔로도 또 사고 싶을 정도예요 다시 사러 올게용
uSdqOoZb,,24.01.11,연한먹색,연그레이,정사이즈예요,아주 만족해요,화면과 비슷해요,158cm,42kg,상의 44,색상은 화면이랑 비슷하고 어두운 색을 골라서 그런가 생각보다 비침은 없는거 같아요 사이즈도 적당하고 길이도 적당해요
bYtWoVLb,,23.12.15,아이보리,아이보리,정사이즈예요,보통이에요,화면과 비슷해요,155cm,50kg,상의 44,아직 착용 전이지만 1+1 제품으로 저렴한 가격임을 고려하면 만족 합니다.화면과 색상은 동일하며 한철 입기에 좋을 듯 합니다.
gYqU3rAM,,23.11.29,먹색,블랙,정사이즈예요,보통이에요,화면과 비슷해요,150cm,45kg,상의 55,옷 괜찮아요 내복용도로 입기 딱이네요~~ 회색은 약간 푸른기 도는 회색입니다... 약간 아쉽긴한데~~ 그래도 만족이요~
mGO6EcWc,,23.11.25,아이보리,코코아,정사이즈예요,보통이에요,화면과 비슷해요,165cm,52kg,상의 55,아이보리 비침 걱정했는데 살색 입어도 비침 마니 없어요!! 질도 좋고 가격도 저렴하고 깔별구매하고싶어요
uqBkTPMm,,23.11.19,베이지,블랙,작아요,아주 만족해요,화면과 비슷해요,160cm,50kg,상의 55,"좋아요 베이지색이랑 블랙샀는데 
다른 목폴라티는 막 뒤에 속옷 라인 보이는데
이건 잘 안보여요 그리구 이너로 입기 너무 좋아여"
dfgu76fo,상위 30%,23.11.12,블랙,블랙,정사이즈예요,아주 만족해요,화면과 비슷해요,153cm,47kg,상의 44,"보들보들해서 좋아요
추운날씨에 여기저기 이너로 입기 딱입니다
작년에 구매해서 잘입고 다녀서 올해 더 주문합니다
필요하면 또 주문할게요!"
QplhpBlb,,23.11.07,블랙,블랙,정사이즈예요,보통이에요,화면과 비슷해요,158cm,54kg,상의 55,"배송 빠르게 받았습니다.
생각보다 얇은 재질이라 아쉬워요.
좀 더 재질이 두꺼웠음 더 좋았을것같아요!
그래도 이번겨울 잘 입을듯해요"
Q0QdYsLF,,23.10.21,아이보리,블랙,정사이즈예요,아주 만족해요,화면과 비슷해요,168cm,55kg,상의 55,싸게 잘 샀어요 고맙습니드 앞으로 잘 입을게요~~~어디에 입어도 기본 템이어서 좋은 질담이었던거 같고 아직 입어보진 않았지만 잘 입겠습니더!
p73lQrkj,,23.09.24,코코아,소라,정사이즈예요,아주 만족해요,화면과 비슷해요,164cm,64kg,상의 55,"소라색아주 만족합니다, 코코아는 아주조금 잿빛이도는데 색빼고는 차르르하고 부들부들 딱 간절기템! 추천합니다bbb"
2pW2erVN,,22.11.16,먹색,코코아,정사이즈예요,아주 만족해요,화면과 비슷해요,155cm,50kg,상의 55,화면이랑 색상도 똑같고 소재도 몸에 촥 시원하고 부드럽게 붙어요! 대만족입니다! 블랙 아이보리 주문 못하서 너무 아쉬워요.ㅠㅠㅠ
qBsjIS6j,상위 5%,22.10.27,브라운,베이지,정사이즈예요,보통이에요,화면보다 어두워요,161cm,46kg,상의 44,브라운은 생각보다 붉은기가 좀 도네요 그래도 가을에 입기 적당한 색이라 좋습니다 싸게 잘 샀어요
VVUmSLeU,,22.03.17,아이보리,블랙,정사이즈예요,보통이에요,화면과 비슷해요,165cm,60kg,상의 55,"무료배송에 두장이 이가격이면 무조건 입니다.
제품 질도 좋고 잘 늘어나고 줄어들어서 
겨울에 안에 껴입기 좋아요 ‘"
gajPVcsa,,22.03.06,청록,블랙,정사이즈예요,아주 만족해요,화면과 비슷해요,166cm,67kg,상의 66,"홈페이지에 있는 색이고 사진에 색이 안담겨요ㅜㅜ
색 진짜 맘에 들고 보들보들하고 신축성도 좋아요 이쁩니다"
pFXzV6zP,상위 25%,24.03.07,톤다운핑크,연한먹색,정사이즈예요,아주 만족해요,화면과 비슷해요,165cm,52kg,상의 55,호호 너무 잘입고 있어요! 예뻐서 2년 전쯤 사고 한 세트 더 샀지요!! 쫀쫀하고 색감도 예뻐서 아주 강추입니동그리< 마음에 쏙 들어용
0Bzult3B,,23.11.29,블랙,아이보리,정사이즈예요,보통이에요,화면과 비슷해요,165cm,61kg,상의 66,"아이보리는 이미 입어버려서 사진이 없어서 블랙만 올려요~ 목 길이가 좀 짧은 것 같아서 별점은 낮게 했어요 ㅠ
그래도 겨율에 가볍에 껴입기는 좋아요"
dudr******,상위 15%,23.11.22,베이지,딥블루,정사이즈예요,아주 만족해요,화면과 비슷해요,159cm,50kg,상의 55,"속에 받쳐입기 딱 좋아요
기모는 안들어서 아쥬 얇지만 맨투맨 안에 코디용으로는 딱 좋아용"
ntkQU3B3,,23.11.12,연그레이,네이비,정사이즈예요,보통이에요,화면과 비슷해요,160cm,50kg,상의 55,얇고 적당히 몸에 붙어요~~~ 일할때 입으려고 삿는데 잘 입고있슴당ㅇㅇ ^^! 색ㅁㄱ깔도 튀지않고 좋아요오유ㅎ^^!
KKGLF6Z5,상위 20%,23.10.25,베이지,소라,정사이즈예요,보통이에요,화면과 비슷해요,160cm,49kg,상의 55,"검정색으로 샀다가
후꾸루마뚜루 입으려고
베이지도 샀는데
색보고 너무 놀랐어욬ㅋㅋ
너무 베이지여서
쿨톤인데 너무 안맞는거있죠ㅠㅠ
카스테라 윗부분같달까...?
그냥저냥 약간 내복처럼 입으려고해요"
BDvDVZtk,상위 25%,23.07.25,블랙,블랙,정사이즈예요,보통이에요,화면과 비슷해요,160cm,52kg,상의 55,"생각보다 엄청 얇아요!
이너로 입기 좋을 거 같지만 단독으로 입기에는 속옷이
보일 것 같은..?! 스판도 있진않은 느낌이고 무난해여"
DvzAYdZG,상위 30%,22.11.18,크림,브라운,정사이즈예요,보통이에요,화면과 비슷해요,164cm,53kg,상의 55,"저렴한 가격에 너무 좋은 퀄리티예요!!
휘뚜루마뚜루 잘입고있어요!!!
또 다른색들도 구매하러올게요!!!👍🏻👍🏻"
gsK86tjV,,22.10.27,크림,코코아,정사이즈예요,보통이에요,화면과 비슷해요,171cm,57kg,상의 55,부들부들하니 목도 안답답하고 괜찮은데 반짝거려요… 단독으로 입기엔 내복같을까봐 이너로 딱이네요
1crrsH3V,,22.05.05,아이보리,와인,정사이즈예요,보통이에요,화면과 비슷해요,166cm,66kg,상의 66,쫀쫀하게 잘 늘어나고 와인색도 쿨톤 와인이라 실버 악세사리랑 같이 매치하면 이뻐요
ARsGOYsn,,22.04.05,블랙,아이보리,정사이즈예요,아주 만족해요,화면과 비슷해요,162cm,55kg,상의 55,1+1으로 검정이랑 아이보리 샀는데 아이보리는 아직 안입어 봤고 검정색은 입어봤는데 딱 제가 원하는 스타일이었어요! 좋아요
jR37MMg6,,22.03.11,소라,코코아,정사이즈예요,아주 만족해요,화면과 비슷해요,161cm,44kg,상의 44,퀄리티 쏘 굿~~ 팔 길이도 적당하고 봄에 입기 딱 좋네여 두께도 괜찮아요~~
hAXMOCf8,,22.03.11,아이보리,블랙,정사이즈예요,보통이에요,화면과 비슷해요,160cm,52kg,상의 55,이너로 입을 목폴라티 찾다가 구매 했습니당 그동안 구매햇던것들은 다 너무 꽉끼거나 어깨 쪽이 이상했었거든용 이건 너무 꽉끼지도 어깨가 이상하지도 않고 무난해서 좋을거같아요
GcyBvhK8,,24.02.03,먹색,블랙,정사이즈예요,별로예요,화면과 비슷해요,160cm,50kg,상의 55,"박음질이 제대로 안되어있어요..
입으러고 보니 .. 한번 빨면 올이 나갈꺼 같은 박음질이네요..
색상은 예쁜데 질이 아쉬워요"
N1pEMTzE,,24.01.04,아이보리,블랙,정사이즈예요,아주 만족해요,화면과 비슷해요,165cm,48kg,상의 44,딱 이너로 입기 좋은거 같아요 촉감도 부드럽고 뭐가 딱 잡아주는 느낌이라고 해야하나.... 여튼 데일리로 입기 좋아요
뿌용,상위 20%,23.12.13,아이보리,톤다운핑크,정사이즈예요,보통이에요,화면과 비슷해요,162cm,50kg,상의 55,얇은느낌이 있어서 이너로입는게 좋을것같아요! 지금 하나만입기에는 추워요 ! 하지만봄가을에는 아우터랑 가볍게 매치하기 좋을것같아요
현냥이,상위 15%,23.12.07,아이보리,블랙,정사이즈예요,보통이에요,화면과 비슷해요,158cm,48kg,상의 44,목티가 없어서 구매하게 되었습니다 길이도 적당하고 착용감도 좋아요 디자인도 나쁘지않고 좋네요 따뜻하고 아우터안에 입어도 좋을것같아요
AJSgz1nN,,23.12.04,코코아,톤다운핑크,정사이즈예요,보통이에요,화면보다 어두워요,160cm,50kg,상의 55,입으면 괜찮아 질것같긴한데 목이 좀 좁아서 처음에 입었을때 불편해요~! 생각보다 많이 얇긴한데 안에 목티로 입을거라 괜찮을것같아요
V8GxdOxC,,23.11.28,아이보리,소라,정사이즈예요,별로예요,화면보다 밝아요,163cm,47kg,상의 44,소라색은 색깔이 좀 다르고 싼만큼 빨자마자 보풀이 생깁니다 엄청 얇고 흐물흐물해요 그래서 둘다 이너로만 입고 있습니다
HQdqDDUM,,23.11.27,먹색,아이보리,정사이즈예요,보통이에요,화면과 비슷해요,,,,"속에 이너로 입었는데
스판도 좋고 편하고 따뜻해요
저렴하게 좋은 옷 구매햇습니다.
기존에 있는 옷들에 이너로 입으려고 삿는데 너무 잘 산거 같아요. 답닺하지 않아 좋아요"
wHESN57p,,23.11.23,소라,와인,정사이즈예요,보통이에요,화면과 비슷해요,160cm,60kg,상의 55,날이 추워져서 목폴라 입으려고 샀는데 색이너무 이쁘네요 맨날 검정 하양만 입다가 소라랑 와인삿는데 만족합니다 어서 입고 나가고싶어요
jusi******,,23.11.19,브라운,코코아,,,,,,,후드티나 맨투맨 안에 입기 너무 좋고 편하게 이너로 입기에 좋아요! 쫀쫀하고 색감이 있어서 포인트로 입기에 좋은거 같아요
Bo4XRCKP,,23.10.26,아이보리,블랙,정사이즈예요,보통이에요,화면과 비슷해요,155cm,54kg,상의 55,필요해서 샀는데 1+1이라 좋았고 배송도 빨랐어요 !! 정말 부들거려요~~ 엄청 비싼 원단 같진 않지만 싸게 잘 샀습니다 👍
LyGKWHbt,상위 20%,23.10.23,코코아,블랙,정사이즈예요,아주 만족해요,화면과 비슷해요,164cm,52kg,상의 55,"저렴한 가격에 이너로 입기좋은 목폴라 사서 너무 좋아요
요새 날이 추운데 입으니 얇지만 톡톡하니 촉감도 좋고 뚜수워영
추천드립니당"
6CJU07u8,,22.10.13,청록,와인,정사이즈예요,아주 만족해요,화면과 비슷해요,163cm,55kg,상의 55,제가 입어본 그 어느 이너목티중에서 가장 부드럽고 가장 섬세한 원단이네요ㅠㅠ 어떤 거에 받쳐입어도 이뻐요
UlGKYfKN,,22.03.29,아이보리,블랙,정사이즈예요,보통이에요,화면과 비슷해요,174cm,67kg,상의 77,"색상은 화면과 같구요~
날씬하신분들은 그냥입으셔도되지만
전 이너로 입고있어요~
신축성도 좋아서 아주 레이어드로입기에딱이네요~^^"
tl0KoO2h,,22.03.25,아이보리,소라,정사이즈예요,아주 만족해요,화면과 비슷해요,166cm,57kg,상의 66,호ㅓ면과 색상 동일하구여 일단 배송이 빨라서 좋았어요 공장냄샤듀 안나고 쫑쫀하니 쥬아여
zLOHsmqp,,22.03.18,아이보리,블랙,정사이즈예요,아주 만족해요,화면과 비슷해요,163cm,60kg,상의 66,"너무 보들보들해서 이너로 입기 딱이에요!
아이보리는 많이 비치긴하는데 안에 검은속옷입고 섹시하게 연출하기 좋은것같아요ㅎㅎ"
xBpeGMPs,,22.03.13,블랙,톤다운핑크,정사이즈예요,아주 만족해요,화면보다 어두워요,164cm,49kg,상의 55,두번째구입이에요 진짜 부드럽고 얇아서 안에입기 딱이거든요~~ 배송도진짜빠르고 완전 좋아요 ^^ 컬러다좋아용
YwQppFe3,,22.03.10,블랙,브라운,정사이즈예요,보통이에요,화면보다 밝아요,,,,"기대없이 주문했는데 생각보다 쫀쫀하구, 목 부분이 헐렁이진 않지만 잘 늘어나긴해요. 기본템으러 휘뚜류마뚜루 잘 입구있습니당"
lGuY9E7W,상위 15%,23.12.14,아이보리,블랙,정사이즈예요,보통이에요,화면과 비슷해요,159cm,58kg,상의 66,"살짝 타이트하고 얇아요. 원했던 얇기라서 괜찮아요. 
목이 조금 쫄립니다. 좀 답답하달가 그래요. 그래도 가격대비 만족입니다."
JAhW8fXK,,23.12.12,아이보리,블랙,정사이즈예요,보통이에요,화면과 비슷해요,,,,쫀쫀하고 부들해서 입기 편해요!! 건조기 돌려서 그런지 팔길이가 짧아지긴 했지만 이너로 입기 좋아요!!
kjs2****,,23.12.12,딥블루,블랙,정사이즈예요,보통이에요,화면과 비슷해요,160cm,49kg,상의 44,딥블루! 화면그대로 이쁜 파란계열 색상이에요ㅎㅎ 까만코트에도 찰떡이고 하얀바지에도 찰떡이고ㅎㅎ 같이산 블랙도 매번 구매하고있어요~
1kpOttxp,,23.12.01,블랙,코코아,정사이즈예요,보통이에요,화면과 비슷해요,166cm,56kg,상의 55,"니트랑 입으니까 너무 따뜩하고 쫄깃하고 이가격에
너무 잘산거같아요 감사합니다 ㅎㅎ 다음에 다른색으로 또 구매해야할거같네욯ㅎ"
b977ofD6,,23.11.22,아이보리,아이보리,정사이즈예요,보통이에요,화면과 비슷해요,170cm,60kg,상의 66,입었을때 다 괜찮은데 목부분이 좀 조여요.. 두께도 좀 얇긴한대 어차피 위에 항상 뭘 입고하기때문에 큰 상관은 없어요!!
MNlkK3qg,,23.11.22,코코아,블랙,정사이즈예요,보통이에요,화면과 비슷해요,167cm,53kg,상의 55,"사이즈는 딱맞는 정사이즈고 원피스에 레이어드하니 부담스럽지 않고 딱이에요!
조금 얇아서 단독으로 한겨울에 입긴 추울거같아요"
YTGKLNlA,상위 25%,23.11.10,아이보리,코코아,정사이즈예요,보통이에요,화면과 비슷해요,158cm,55kg,상의 66,"목티가 턱 밑에까지 오는게 맞지만 제가 목이 두꺼워진건지,,ㅎㅎ 저는 약간 교살당할거 같아요,, 적당한 가격에 이너웨어로 입기엔 좋긴 한데 자주 손이가진 않네요"
PexU30Hh,,23.10.21,아이보리,아이보리,정사이즈예요,보통이에요,화면과 비슷해요,163cm,45kg,상의 55,생각보다 오버핏? 편안한핏? 느낌이네용 막 착 붙는 옷은 전혀 아닙니당 약간 꾸밀때보단 휘뚤마뚤템같아용 학잠 안에 맨날 입으려구용
VdMVJcQc,,22.12.23,먹색,브라운,정사이즈예요,보통이에요,화면과 비슷해요,163cm,50kg,상의 55,가격대비 퀄리티좋고 어디든 잘어울려서 여러벌 쟁여두고 입기 좋아요 니트안에도 입고 가디건 안에도 입으면서 잘 활용중입니다
zm6fsKaZ,,22.04.16,아이보리,블랙,정사이즈예요,보통이에요,화면과 비슷해요,168cm,54kg,상의 55,비침이 좀 있긴 한데 가볍게 안에 받쳐 입으려고 산 거라 괜찮아요. 가성비 좋은 것 같아용
bbecftMb,,22.03.17,아이보리,청록,정사이즈예요,아주 만족해요,화면과 비슷해요,162cm,53kg,상의 44,싼가격에 비침없고 괜찮음 근데 하양이는 검정색 속옷 입으면 좀 비침
yJaFGMrB,,24.11.24,아이보리,소라,정사이즈예요,보통이에요,화면과 비슷해요,160cm,,,무난하게 입기 좋아요! 니트안에 받쳐 입기도 좋을거 같아요 가격도 너무 저렴해요!!
EES5qs4j,,23.11.21,아이보리,블랙,작아요,보통이에요,화면과 비슷해요,170cm,65kg,상의 66,부들부들해서 느낌은 좋은데 조금 작은 느낌이에용 ㅠ 그래도 이너로 입기에는 가성비 갑입니당 ~ 목도 너무 안쨍겨서 조아욤
tbdwko6Z,,23.11.16,블랙,코코아,정사이즈예요,아주 만족해요,화면과 비슷해요,,,,이너로 입기도 좋고 딱 지금 날씨에 입기 좋은것 같아요~!! 배송도 빠르고 좋습니다앙~!!!
HfRmvpmp,,23.09.28,아이보리,블랙,정사이즈예요,보통이에요,화면과 비슷해요,157cm,43kg,상의 44,색깔도 무난하고 이너로 입기 딱인거 같아요! 원플원이라 저렴하게 구매할 수 있어서 가을에 재킷 안에 입을 이너로 강추드립니다!
Rn5Bxnmf,,22.11.02,민트,소라,정사이즈예요,보통이에요,화면과 비슷해요,155cm,43kg,상의 44,사이즈좋고 가격대비 질도 좋아여 단..오래 입으면 보풀이 날꺼 같아여.. 그래도 가격이 저렴하니까 몇장 더 구매하려고 합니다
fQ3pQSpv,,22.10.18,크림,코코아,정사이즈예요,보통이에요,화면과 비슷해요,160cm,51kg,상의 55,전에 사서 입던거 목 늘어나고 낡아서 버리고 새로 주문했어요ㅎㅎ 옷이 적당히 얇아서 여기저기 매치해입기 좋아요!
uw2bdC4C,,22.08.22,아이보리,코코아,정사이즈예요,보통이에요,화면과 비슷해요,153cm,42kg,상의 44,가격대비 아주 조아요 재질도 챠라라 하고 좋습니당 다만 팔이 좀 짧은게 아쉽네요 그래도 가격 생각하면 또 살 것 같아요!
q66pD4O3,,22.03.18,브라운,크림,정사이즈예요,보통이에요,화면과 비슷해요,157cm,47kg,상의 55,"제가 생각했던 색이 아니긴 한데 엄청 부드럽고 얇아요
생각보다 너무 얇아서 내복느낌이에요..."
HGUnqFDL,,22.03.18,크림,블랙,정사이즈예요,보통이에요,화면과 비슷해요,160cm,50kg,상의 55,싸게 잘산곳 같아요. 레이어드해서 입으려고 샀어요. 기본으로 샀는데 한철 잘입을 것 같습니다. 만족해요~
GN75MYRM,,22.03.14,민트,소라,정사이즈예요,보통이에요,화면과 비슷해요,161cm,50kg,상의 55,화면이랑 색상 똑같아요! 민트색 완전 봄에 입기 딱 좋은 색깔이에여 ㅠ
mwTIikZ1,,24.03.06,아이보리,블랙,정사이즈예요,보통이에요,화면과 비슷해요,172cm,65kg,상의 66,목이 널널해서 쪼이지 않고 이너로 가볍게 입을 수 있는 템이에용! 지금처럼 쌀쌀한 때나 이번 달까지는 입을 수 있을 것 같네여 ㅎㅎ
KfLgvCmT,,23.11.27,아이보리,코코아,정사이즈예요,보통이에요,화면과 비슷해요,167cm,60kg,상의 66,엄청 붙지도 않고 좋아용 보풀도 안나고 오래 입을 수 있을듯!! 따듯하진 않아요 그래도 이쁘니 만족합니당 두개 사서 입으면 딱 좋아요
pRlZsEhz,,23.11.13,베이지,블랙,정사이즈예요,보통이에요,화면과 비슷해요,164cm,57kg,상의 55,질감 좋고 색도 나쁘지 않아요..! 근데 손빨래하니까 물에 갈색 물이 쭉쭉 빠지더라고요.. 이염이 제대로 안 된 것 같아 별 하나 뺐습니다
hF8kAcCN,,23.11.13,아이보리,블랙,정사이즈예요,아주 만족해요,화면과 비슷해요,164cm,64kg,상의 77,"목이 조금 조이긴 하지만 부드럽고 팔이 길어서 마음에 들어요 
이너로 입으니 따뜻합니다"
rG08WabQ,,23.11.02,연그레이,소라,작아요,보통이에요,화면과 비슷해요,165cm,58kg,상의 55,목 부분이 너무 꽉 끼는 느낌이 들어요 그것만 아니었어도 색도 이쁘고 마음에 들었을텐데 아쉬워요
aAs3nDPq,상위 25%,22.10.14,크림,톤다운핑크,정사이즈예요,보통이에요,화면과 비슷해요,162cm,47kg,상의 55,"핏고 가격 다좋아서 작년에 사고 또삽니다.
한가지는 저렴해서 아무래도 보풀이 금방나긴해요."
zgCYlg7H,,22.10.09,크림,먹색,정사이즈예요,보통이에요,화면과 비슷해요,171cm,68kg,상의 66,몸에 착 붙는 재질이고 단독으로 입기도 좋고 스판끼도 많아서 부해보이지 않아서 너무너무 예뻐요
wTXOsiKP,,22.08.20,크림,블랙,정사이즈예요,보통이에요,화면과 비슷해요,166cm,51kg,상의 66,일단 배송이 빨라서 좋았어요! 생각보다 퀄리티가 좋아서 마음에 들어요. 잘 입을것 같아용!
PTuI9rUb,,22.08.05,베이지,크림,정사이즈예요,보통이에요,화면과 비슷해요,165cm,58kg,상의 55,비침을 제외하면 가격대비 만족해요. 얇은 소재여서 겨울에 입기는 추울 것 같고 가을에 입으면 딱이네요.
rK0wJi6T,,22.04.07,크림,블랙,정사이즈예요,아주 만족해요,화면과 비슷해요,165cm,50kg,상의 55,"이거 완전 강추합니다
가격저렴한데 완전 질 좋아요.
다른데는 저렴하면 가끔 옷이 찢어지던ㄷ(?)
여기는 완전 튼튼쓰"
SV9kN82R,,22.03.24,크림,코코아,정사이즈예요,보통이에요,화면보다 밝아요,167cm,56kg,상의 55,가성비 좋습니다 가격이 싸니 재질은 너무 기대하면 안 될 거 같고 적당히 입다가 버려야 할 거 같지만 이너로 입기 좋아용
0dA7VOXi,상위 20%,22.03.15,아이보리,먹색,정사이즈예요,보통이에요,화면과 비슷해요,159cm,43kg,상의 44,가볍게 입을려고 샀는데 아직 추워서 보관중 어디에나 코디가 잘어울려서 좋아요
lf0dSQgB,,22.03.07,아이보리,소라,정사이즈예요,보통이에요,화면과 비슷해요,167cm,47kg,상의 44,쫀쫀하고 색도 너무 이쁘고 만족합니다 생각보다 목부분이 쫀쫀하지는 않네용
XB8bIL0y,,22.03.07,블랙,아이보리,정사이즈예요,아주 만족해요,화면과 비슷해요,,,,"생각보다 되게 얇고 부드러웠어요!
배송은 빨라서 좋았습니다
다음엔 다른 색으로 구매해야겠어요 
만족합니다"
0i9BWF1E,,24.01.06,소라,아이보리,,,,,,,얇고 부드러워서 좋아요 신축성도 이정도면 괜찮은 듯 무난한 기본템으로 추천합니당
IM0OWpsU,상위 10%,23.12.11,아이보리,블랙,정사이즈예요,보통이에요,화면과 비슷해요,158cm,56kg,상의 66,"촤르르 야들야들? 한 재질이여요
얇으면서도 이너역할 제대로해주고요
여기저기에 다 이너로 입을수잇어서 손이자주가요
꽤 따뜻합니다 잘 입을게요"
Aw0oPCCF,,23.12.11,딥블루,네이비,정사이즈예요,아주 만족해요,화면과 비슷해요,159cm,56kg,상의 55,"이 가격에 2장이라니 진짜 너무 대박이에요ㅜㅠ
재질도 나쁘지 않고 딱 무난하게 이너로 입기 좋은 것 같아요!"
m1JOTTtF,,23.11.29,블랙,아이보리,정사이즈예요,보통이에요,화면과 비슷해요,154cm,42kg,상의 44,"잘입고잇어오 좋은 가격에 잘 삿어요! 
퀄리티도 괜찮고 
나쁘지않아용 ㅎ
잘입고잇어오 좋은 가격에 잘 삿어요! 
퀄리티도 괜찮고 
나쁘지않아용 ㅎ"
JC6Gk1An,,23.11.03,아이보리,연그레이,정사이즈예요,아주 만족해요,화면과 비슷해요,163cm,48kg,상의 55,고퀄에 이 가격이면 재구매 각이에요 재질도 부들부들한게 너무 좋아요 최고
GYoiqXSu,,22.10.21,크림,브라운,정사이즈예요,보통이에요,화면과 비슷해요,170cm,55kg,상의 55,제꺼 보고 엄마도 원하셔서 사드렸어요 얇은데 따뜻하고 가격도 사서 무난하게 잘 입을수 있어요! 잘입을게요
fTWRQpLY,,22.05.04,블랙,아이보리,정사이즈예요,보통이에요,화면과 비슷해요,159cm,53kg,상의 55,목이 조금 조이긴 하지만 촤르륵 부드럽고 핏 예뻐요
Nq8gBBDP,,22.03.31,블랙,코코아,정사이즈예요,보통이에요,화면과 비슷해요,165cm,53kg,상의 55,재질 쫀쫀하고 좋아요. 밝은 색은 비칠 정도로 얇은데 어두운 색은 재구매 의사 있어요
FywCzZj0,,22.03.15,크림,코코아,정사이즈예요,보통이에요,화면과 비슷해요,158cm,47kg,상의 44,색이 예뻐요~ 조금 얇은데 안에 받쳐입를 용도로 입으면 좋을 것 같아요
T1OgxfV4,,22.03.07,코코아,소라,정사이즈예요,아주 만족해요,화면보다 밝아요,163cm,50kg,상의 44,"색깔은 화면이랑 비슷한데 소라색은 조금더밝은거같아요
살짝 광이긴하는데 입으면 괜찮아요"
avADYuFj,상위 25%,24.12.02,블랙,아이보리,정사이즈예요,보통이에요,화면과 비슷해요,163cm,56kg,상의 55,한두번 입으면 바로 목 늘어나서 점점 접어입게 되더라구요! 어차피 목폴라는 뭘 사든 잘 늘어나니까 한철마다 새로 사려구요!
GsD4x3aH,상위 15%,23.12.07,아이보리,블랙,정사이즈예요,별로예요,화면과 비슷해요,165cm,68kg,상의 66,"너무 얇아요 봄에 입으면 딱인 제품입니다ㅋㅋ
봄에 잘 입을께요ㅋㅋㅋ
겨울기모인줄알고 사면 안됩니다
진짜 얇습니다ㅋㅋㅋ"
ZpqSiuZj,상위 30%,23.11.30,블랙,아이보리,정사이즈예요,보통이에요,화면과 비슷해요,161cm,48kg,상의 55,"세장샀어요 아직입어보진않았지만 이쁠 것 같아요
화면이랑 컬러가같아요오 마니파세요엉우웅아앙이엧으우융ㄴ아럴러옹옹우우"
omQgRvob,,22.04.26,청록,블랙,정사이즈예요,아주 만족해요,화면과 비슷해요,162cm,52kg,상의 55,정말 제목처럼 차르륵한 원단이고 색도 다양해서 너무 예쁩니다 데일리로 정말 자주입을수있을거같아요
1rDZvMWD,,22.03.26,먹색,블랙,정사이즈예요,보통이에요,화면과 비슷해요,,,,부드러운데 금방 늘어나고 보풀이 날 것 같은기분 생각보다 목을 꽉 잡아주진 않아요
Udy5RuuR,,22.03.14,아이보리,소라,정사이즈예요,보통이에요,화면과 비슷해요,156cm,50kg,상의 55,색도 예쁘고 따뜻해서 좋습니다ㅎㅎ!!
hYxZD4Ll,,22.03.11,먹색,코코아,정사이즈예요,보통이에요,화면과 비슷해요,170cm,57kg,상의 55,딱 가격값한다? 잘 늘어나고 붙은 거라 핏 자체는 괜찮은데 한번입었는데 보풀이 . . . 장난 아니네요
1Rb2DTap,,23.11.26,블랙,블랙,정사이즈예요,아주 만족해요,화면과 비슷해요,158cm,43kg,상의 44,일단 배송이빨라서좋아요 따뜻해요 색감도 보는 그대로예요
GdOnrgEA,,22.10.28,코코아,톤다운핑크,정사이즈예요,아주 만족해요,화면과 비슷해요,156cm,41kg,상의 44,조아요좋아용 아주 만족해욤 단독으로 입어도 무난 이너로 입어도 무난 데일리템으로 아주 유용하게 입을듯한 옷이예욤 ㅎ
IVwmLMRf,,22.04.20,아이보리,블랙,정사이즈예요,보통이에요,화면과 비슷해요,151cm,55kg,상의 55,얇고 쉽게 늘어나는 재질이고 이상한 냄새가 나서 빨았는데 검은색 물이 나옴
FH3YrvRP,,22.04.17,크림,코코아,정사이즈예요,아주 만족해요,화면과 비슷해요,156cm,46kg,상의 44,보들보들 야들야들한 재질이라서 좋아요! 색감은 사진이랑 똑같고요
ahSCauju,,22.03.30,아이보리,블랙,정사이즈예요,보통이에요,화면과 비슷해요,,,,"소재 부드럽고 가볍게 입기 너무 좋아용!!
기본티라 코디할 때 편해용💜"
gtnzZq9q,,22.03.15,소라,민트,정사이즈예요,아주 만족해요,화면과 비슷해요,160cm,72kg,상의 77,아주 부들부들하고 쫀쫀하고 목도 별로 안 불편해요!
gtnzZq9q,,22.03.15,아이보리,블랙,정사이즈예요,아주 만족해요,화면과 비슷해요,160cm,72kg,상의 77,아주 부들부들하고 쫀쫀하고 목도 별로 안 불편해요!
e3RrPN1Q,,22.03.14,아이보리,블랙,정사이즈예요,보통이에요,화면과 비슷해요,,,,"엄청 쫀쫀해요! 전이너로 입으려고 사긴했는데 날씬하신분아니면 단독으로 입기엔 쫌 부담스러울듯?
거의 히트텍느낌?"
bWxGlAQr,,22.03.09,베이지,톤다운핑크,정사이즈예요,보통이에요,화면과 비슷해요,168cm,50kg,상의 55,베이지는 사진그대로고 핑크는 약간 보랏빛이 돌아서 웜톤인 저에게는 그닥이네요
KR18Kruw,,24.11.02,베이지,블랙,정사이즈예요,아주 만족해요,화면과 비슷해요,163cm,57kg,상의 66,여기저기 받쳐입기 좋아요 겨울에 여기저기 받쳐입으려구 산 기본템 조아요
aSjL2gth,,24.02.07,베이지,브라운,정사이즈예요,아주 만족해요,화면과 비슷해요,,,,생각보다 두께는 얇다고 느끼기는 했는데 껴입으면 괜찮을 것같고 사이즈는 입기 괜찮았어요
vZo5qsMk,,24.01.30,아이보리,블랙,정사이즈예요,아주 만족해요,화면과 비슷해요,160cm,52kg,상의 55,얇고 보들보들한 재질이라 이너로 입었을때 불편함 없이 좋아요
MkxgeG2E,,23.12.10,블랙,아이보리,정사이즈예요,아주 만족해요,화면과 비슷해요,166cm,65kg,상의 88,화이트는 살짝 비쳐보이지만 그래도 넘 따숩고 이쁘네요.!!! 완전 강추랍니다
nZ0zSlOS,,23.11.10,브라운,블랙,정사이즈예요,보통이에요,화면과 비슷해요,160cm,50kg,상의 55,"팔이 원래 짧은건지 세탁했더니 줄은건지 잘 모르겠지만
스판기가 너무 좋아서 이너로 입기 편해요"
7RczLdWE,,23.11.10,아이보리,블랙,정사이즈예요,보통이에요,화면과 비슷해요,163cm,55kg,상의 55,이너로 입으려고 하긴 했지만 너무 얇아서 검은색 폴라티여도 속옷이 다 비치네요 .. 흰색은 뭐 말할것도 없고요. 단독으로는 절대 못입을 것 같네요.
bb**,,22.04.10,블랙,크림,정사이즈예요,보통이에요,화면과 비슷해요,161cm,54kg,상의 55,"딱 보통이에요.
근데 혹시나 저처럼 세탁 안하고 급해서 입으실 분들..
옷 엄청 더러웠어요.
세탁을 하는데 검은물이 계속 나와서..
빨고 입으셔요."
kxUXRERt,상위 15%,22.04.04,블랙,소라,정사이즈예요,보통이에요,화면과 비슷해요,174cm,66kg,상의 66,"엄청 쫀쫀하구 완전 맘에들어요^^
질감도 정말 부드럽고 너무잘입고있습니당"
71T0kVtf,,22.03.22,블랙,코코아,정사이즈예요,아주 만족해요,화면과 비슷해요,164cm,44kg,상의 44,"1+1에 무배라서 샀는데 너무 예쁘고 기본템으로 좋아요! 자주 입을듯,,"
133M5Prc,,22.03.20,아이보리,크림,정사이즈예요,보통이에요,화면과 비슷해요,156cm,45kg,상의 55,"재질도 부드럽고 색감도이쁩니다
가격대비 퀄리티도만족합니다"
KbbwmHrB,,24.01.11,코코아,톤다운핑크,정사이즈예요,아주 만족해요,화면과 비슷해요,157cm,46kg,상의 44,저번에사고 대만족해서 다른 색으로 또 샀어요.톤다운핑크가 생각보다 다운된 색감은 아니라서 좀 아쉽지만 그래도 이뻐서 만족이에요
nYZhKXHX,,23.12.12,아이보리,블랙,정사이즈예요,아주 만족해요,화면과 비슷해요,154cm,48kg,상의 55,너무 이뻐요 가격 대비 옷감 도 좋아요 세탁은 아직 안해 봤지만 괜찮을 것 같아요
WJZJWhuX,,23.12.11,아이보리,블랙,정사이즈예요,아주 만족해요,화면과 비슷해요,156cm,54kg,상의 55,"목폴라는 매년 사는데 가격도 좋고 리뷰도 좋아서 샀어요
재질도 마음에 들고 좋아요"
VxN2qijU,,23.12.01,소라,블랙,정사이즈예요,보통이에요,화면과 비슷해요,162cm,52kg,상의 55,"생각보다 덜 쫀쫀하고 길이가 짧아요
소라색 검정색 삿는데 소라색은 좀 연한편이에요"
UmUOnPr1,,23.11.20,블랙,코코아,정사이즈예요,보통이에요,화면과 비슷해요,165cm,53kg,상의 66,"원쁠원으로 사서 잘 입글수있을거같아요! 이너로도 입고 그냥 자켓안에
입어도 될것같아요! 사무싯으누더워서 사실 두꺼웅거 입기가 쫌 그랬는대 딱이네요!"
2w1nNVrO,,23.11.17,블랙,아이보리,작아요,보통이에요,화면과 비슷해요,160cm,57kg,상의 66,생각보다 얇아요! 안에 색 있는 속옷 입으면 다 보일 정도입니다 근데 원래 이너티로 입을 생각으로 사서 뭐 나쁘지는 않아요!! 2장에 15000원이라서 이득인 것 같아요 ㅎ
nEHkAWdV,,23.11.08,아이보리,톤다운핑크,정사이즈예요,보통이에요,화면과 비슷해요,164cm,51kg,상의 55,옷 재질도 가격 대비 좋은편이구 색감도 예뻐요~~
ffMNkCUj,,23.10.09,아이보리,블랙,정사이즈예요,보통이에요,화면과 비슷해요,166cm,49kg,상의 44,"가격대비 완젼 가성비굿굿 ㅎㅎ
배송도 빠르고 아주 맘에듭니당"
ZZweRxMk,,22.08.24,아이보리,블랙,정사이즈예요,아주 만족해요,화면과 비슷해요,155cm,41kg,상의 44,이름 처럼 목 부분이 차르륵 떨어져서 따로 접지 않아도 돼서 목 부분 옷 핏이 예쁘게 잘 빠지네요
20T3ZaMK,,22.05.07,코코아,블랙,정사이즈예요,아주 만족해요,화면과 비슷해요,155cm,51kg,상의 55,날씨가 따뜻해져서 입고 나가보진 못했지만 재질도 나름 괜찮고 부들부들해요!
HI1gQMiN,상위 15%,22.04.13,아이보리,블랙,정사이즈예요,아주 만족해요,화면과 비슷해요,168cm,57kg,상의 55,옷은 좋은데 일요일에 구매한게 토요일에 도착하는 엄청난 배송 일정이 아쉬워서 별 하나 뺏어요
xfC2dLoM,,22.04.11,크림,소라,정사이즈예요,보통이에요,화면과 비슷해요,,,,"부드럽고 너무 예뻐요...!
근데 소라색은 생각보다 더 진하긴한데 맘에듭니다"
aFniQVXH,,22.04.04,아이보리,블랙,생각보다 커요,보통이에요,화면과 비슷해요,,,,팔뚝이 남들보다 굵은 편인데 완전 딱 달라붙는 스타일은 아니네요! 그래도 무난해서 잘 입을거같아요
Sara_,,22.04.02,소라,톤다운핑크,작아요,보통이에요,화면보다 어두워요,156cm,50kg,상의 55,생각보다 얇아요. 브라 색이랑 모양이 다 비침
Sara_,,22.04.02,블랙,코코아,작아요,보통이에요,화면보다 어두워요,156cm,50kg,상의 55,생각보다 얇아요. 브라 색이랑 모양이 다 비침
Sara_,,22.04.02,아이보리,브라운,정사이즈예요,보통이에요,화면보다 어두워요,156cm,50kg,상의 55,생각보다 얇아요. 브라 색이랑 모양이 다 비침
unYQ86BZ,상위 15%,22.03.28,소라,아이보리,정사이즈예요,보통이에요,화면과 비슷해요,170cm,57kg,상의 66,생각보다 더 얇긴 하지만 그만큼 차르르 부드럽고 편하게 잘 입고 다님!
ql7Q4CpG,,22.03.27,베이지,크림,정사이즈예요,보통이에요,화면과 비슷해요,165cm,47kg,상의 55,쫀쫀하고 잘 늘어나요 넘 싸서 완전 질 안좋을까봐 걱정했는데 그정도는 아니에요 ㅎ
uYKdtic3,,22.03.22,아이보리,코코아,정사이즈예요,보통이에요,화면과 비슷해요,,,,니트조끼 안에 입으려고 샀는데 너무부드럽고 목도 너무 안길어서 안답답해서 좋아요 :)
fHZINdxv,,22.03.19,블랙,코코아,정사이즈예요,보통이에요,화면과 비슷해요,159cm,49kg,상의 44,기본 이너티로 좋아요 먼지가 잘붙는소재에요
Gzza8hpG,,22.03.15,아이보리,블랙,정사이즈예요,별로예요,화면과 비슷해요,162cm,49kg,상의 66,"목이 딱 붙거나 힘있게 유지돼야하는데
흐물흐물해서 다 내려와서 목폴라의
기능을 못해요 ㅜ"
6shldwE5,,22.03.13,아이보리,블랙,작아요,보통이에요,화면과 비슷해요,,,,"기본티로 입으려고 구매했는데, 배송빠르고 괜찮아요"
아련한아스파라거스,,22.03.12,블랙,블랙,정사이즈예요,아주 만족해요,화면과 비슷해요,167cm,45kg,상의 55,"두께도 적당하고 재질도 좋고
비치지 않아요 가격대비 너무 만족스러워요
두장 더 사둬야 할거 같아요"
HmIC9i86,,24.11.07,블랙,아이보리,작아요,보통이에요,화면과 비슷해요,173cm,54kg,상의 66,"팔이 많이 짧고 어깨가 진짜 작게 나왔어요ㅠ 생각보다 많이 작아서 비슷한 체형이신 분들은 구매 비추합니다,,ㅠㅠ"
LjJf2TRP,,24.11.01,블랙,코코아,정사이즈예요,보통이에요,화면과 비슷해요,158cm,56kg,상의 66,부드럽고 잘 늘어나서 편하게 입기 좋아요~~~
feUJrPgL,,24.03.12,청록,코코아,정사이즈예요,아주 만족해요,화면과 비슷해요,162cm,48kg,상의 55,배송도빠르고 너무 좋은데 소매가 생각보다 안길어요ㅠ!
rx01cU0w,,24.02.20,블랙,아이보리,생각보다 커요,아주 만족해요,화면과 비슷해요,163cm,47kg,상의 55,질이 부드럽고 좋은데 핏되는 사이즈는 아니에요
dTafNgkY,,24.02.05,아이보리,블랙,정사이즈예요,보통이에요,화면과 비슷해요,162cm,58kg,상의 66,무난무난템~~! 겨울에 목 훤하면 감기걸리더라구요 내복처럼 이너로 챙겨입고 패션 포인트도 되고 너무 좋아용ㆅㆅ 없으면 안돼용
DZvgiSgg,,23.11.25,블랙,코코아,정사이즈예요,보통이에요,화면과 비슷해요,155cm,55kg,상의 66,"가성비 좋은 제품입니다
배송 빠르고 다른 색으로 또 사고 싶네요^^"
망땅감두호,,23.11.09,아이보리,블랙,정사이즈예요,보통이에요,화면과 비슷해요,164cm,50kg,상의 55,"얇아서 껴입고 입기 좋아요 
소재도 맘에들고 쫀쫀함 최고!"
xJk58POf,,22.03.10,청록,와인,정사이즈예요,보통이에요,화면과 비슷해요,,,,색상도 디자인도 만족합니다~~ 잘 입을게요
WbroEkHB,,23.12.18,아이보리,블랙,정사이즈예요,보통이에요,화면과 비슷해요,,,,"퀄리티는 생각했던거보다 별루였구용 ㅎㅎ 옷은 예뻐여 ! 배송은 일단 겁나 느립니다 10일소요 거짓말이에여 ,,."
bfkdjaHv,,23.11.30,민트,아이보리,정사이즈예요,아주 만족해요,화면과 비슷해요,,,,가격이 착해서 퀄리티는 크게 기대안했는데 입어보니까 쫀쫀하고 괜찮아서 만족해요 ~!
7x894PrH,,23.11.30,소라,코코아,정사이즈예요,아주 만족해요,화면과 비슷해요,160cm,44kg,상의 44,"한철에 유용하게 잘 입을것 같아요
1+1가격대비 짱짱하고 색감도 좋아요!!"
b4T699He,,22.11.19,크림,코코아,정사이즈예요,보통이에요,화면과 비슷해요,161cm,61kg,상의 66,"구냥 가격값해보여용..
후기 많아서 삿는데
광택감 보이구
목부분은 박음질 별류 ㅠ인듯해서 아쉽"
DkuiWv1A,,22.10.25,코코아,소라,정사이즈예요,아주 만족해요,화면과 비슷해요,154cm,49kg,상의 44,퀄리티 생각보다 나뿌지 않고 원플원이라 아주 잘 산 거 같아요 까슬거리지도 않고 이너로 잘 활용할 거 같아용!!
DkuiWv1A,,22.10.25,청록,먹색,정사이즈예요,아주 만족해요,화면과 비슷해요,154cm,49kg,상의 44,퀄리티 생각보다 나뿌지 않고 원플원이라 아주 잘 산 거 같아요 까슬거리지도 않고 이너로 잘 활용할 거 같아용!!
QfP4K1q9,,22.05.12,베이지,블랙,정사이즈예요,아주 만족해요,화면과 비슷해요,163cm,53kg,상의 77,잘 어울리까 걱정되고 있어는데 이쁘구 색상도 화면이랑 비슷해서 만족합니당
tEom2BTj,,22.04.30,청록,코코아,정사이즈예요,아주 만족해요,화면과 비슷해요,161cm,46kg,상의 44,핏도 넘 예쁘고 퀄리티도 넘 좋아서 자주 입을 것 같아용
hPVPD6lI,,22.04.16,아이보리,블랙,정사이즈예요,보통이에요,화면과 비슷해요,158cm,48kg,상의 55,촉감좋고 짱짱해요 간절기부터 겨울까지 입겠네요
4QSPa5E3,,22.03.26,아이보리,블랙,정사이즈예요,보통이에요,화면과 비슷해요,163cm,53kg,상의 55,레이어드해 입으려고 샀는데 완전 만족해요~! 보들보들하고 좋네요!!
도끼,,22.03.25,코코아,크림,정사이즈예요,아주 만족해요,화면과 비슷해요,157cm,60kg,상의 55,촉감도 좋고 몇번 입엇는데 보풀도 안생기고 이가격대에 이 퀄리티 만족합니다
C50F3UW8,,22.03.23,아이보리,아이보리,정사이즈예요,보통이에요,화면과 비슷해요,158cm,55kg,상의 66,재구매 한 상품입니다. 무난하게 입기 딱 좋아요
ej8P9oQK,상위 20%,22.03.23,블랙,코코아,작아요,보통이에요,화면과 비슷해요,173cm,60kg,상의 66,조금얇은감이없지않아있지만이정도퀄리티면괜찮은거같습니다.이번년도에잘입을거같아요.
2tkzuiGb,,22.03.19,아이보리,블랙,정사이즈예요,아주 만족해요,화면과 비슷해요,163cm,55kg,상의 55,"빠른배송 좋은상품 감사합니다 
앞으로도 좋은상품 부탁합니다 
수고하세요 ~^^"
E73VWrLr,,22.03.18,아이보리,소라,정사이즈예요,보통이에요,화면과 비슷해요,168cm,52kg,상의 55,배송도 이틀만에 오고 제가 원하던 부들부들한 식감이에요ㅎㅎ잘 입을게요~
jiwo******,,22.03.12,블랙,아이보리,정사이즈예요,보통이에요,화면과 비슷해요,172cm,51kg,상의 44,생각보다 재질 부드럽고 가격대비 좋아요
vYd7B6RM,상위 15%,24.03.12,아이보리,블랙,정사이즈예요,보통이에요,화면과 비슷해요,153cm,43kg,상의 44,"엄마가 목티가 필요해서 급하게 보내드렸는데
생각보다 얇은 재질이긴하지만 따뜻하다고 하셨어요!!"
vZFsTlTV,,24.02.01,아이보리,딥블루,정사이즈예요,보통이에요,화면보다 밝아요,159cm,62kg,상의 55,얇아요. 좀 짧은것 같기도 하구요. 이번에 1+1이라서 샀고 인너웨어로 가끔 입게 될것 같아요! 색깔은... 다른 색을 고를 걸 그랬네요.
1B9QVXHg,,23.12.06,아이보리,블랙,정사이즈예요,아주 만족해요,화면과 비슷해요,165cm,55kg,상의 55,부들부들하고 이뻐요 근데 검정색도 속옷이 살짝 비쳐요
v4evh7An,,23.11.26,브라운,블랙,작아요,보통이에요,화면과 비슷해요,160cm,60kg,상의 66,어차피 이너로입으려고 산거긴한데 벗고는..못다닐것 같아여ㅋㅋㅋㅋ살빼면 좀 넉넉해지겠줘..그래도 휘뚤마뚤하게 입고다닐것 같습니댜
Z6xiJdOF,,23.11.26,베이지,블랙,정사이즈예요,아주 만족해요,화면과 비슷해요,,,,핏은 타이트한 핏이고 따뜻하고 데일리로 입기 딱 좋아요 굿이에요:)
Z6xiJdOF,,23.11.26,코코아,딥블루,정사이즈예요,아주 만족해요,화면과 비슷해요,,,,핏은 타이트한 핏이고 따뜻하고 데일리로 입기 딱 좋아요 굿이에요:)
1dBh7unq,,23.10.31,브라운,코코아,정사이즈예요,보통이에요,화면과 비슷해요,166cm,62kg,상의 55,쫙뜩쫜뚝해요 색감이 좋아서 토온톤 하기편해요
DNc0nlyG,,23.10.28,아이보리,소라,정사이즈예요,아주 만족해요,화면과 비슷해요,,,,아주 쫀쫀해서 움직일때도 편해요 색상도 예뻐요
KyMR0Ado,,23.10.25,아이보리,소라,정사이즈예요,보통이에요,화면과 비슷해요,161cm,50kg,상의 55,배송 빠르고 좋아요~~ 무난하게 입기 좋네요!
ivItypcr,,23.08.29,아이보리,먹색,정사이즈예요,아주 만족해요,화면과 비슷해요,,,,옷이부드럽고 핏도 잘나옴 색깔도이쁘고 좋네요
UoWLh6AX,,23.02.08,와인,청록,정사이즈예요,보통이에요,화면과 비슷해요,156cm,57kg,상의 55,배송 빠르고 좋아요 추천합니다!! 촉감도 나쁘지 않아요
hM13Uiw0,,22.10.28,크림,코코아,정사이즈예요,보통이에요,화면과 비슷해요,158cm,63kg,상의 66,약간비치는감이있지만 가격대비좋아요! 배송도빠르고 좋아요!
W1CWblrW,,22.10.22,크림,코코아,정사이즈예요,보통이에요,화면과 비슷해요,,,,"싼맛에 입어요~ 목에 힘 없는걸 찾았는데 좋고 
배송도 빠르고 다만 후기처럼 은 비닐 마냥 겉감이 그렇네요 나쁘지 않아요"
XNOBxz6Y,,22.04.15,블랙,베이지,정사이즈예요,보통이에요,화면과 비슷해요,160cm,53kg,상의 55,"부들부들 느낌이 아주 좋네요
이너로 받쳐입기 좋은 것 같아요"
l8k3rYCj,,22.04.07,블랙,코코아,정사이즈예요,보통이에요,화면과 비슷해요,167cm,48kg,상의 44,가격대비 만족합니다 입었을때 쫀쫀하거 목길이더 딱좋아요
LnnrydQh,,22.04.01,블랙,코코아,정사이즈예요,보통이에요,화면과 비슷해요,169cm,53kg,상의 55,부들부들 좋아요 ㅎㅎ 배송도 빠르고 싸고
Gk8kOWbT,,22.03.30,베이지,크림,정사이즈예요,보통이에요,화면과 비슷해요,,,,얇아서 좋네요 짱편합니다 촉감도 좋아요
TvnG1v8V,,22.03.17,아이보리,소라,정사이즈예요,보통이에요,화면과 비슷해요,154cm,50kg,상의 55,부드럽고 엄청 짱짱한 느낌의 원단이 아니라 무난히 입기좋야용
TvnG1v8V,,22.03.17,베이지,톤다운핑크,정사이즈예요,보통이에요,화면과 비슷해요,154cm,50kg,상의 55,부드럽고 엄청 짱짱한 느낌의 원단이 아니라 무난히 입기좋야용
keLRg7GI,,22.03.16,코코아,아이보리,정사이즈예요,보통이에요,화면과 비슷해요,163cm,45kg,상의 44,음 어깨선이 붕 떠서 어깨 듬직해 보여요.. 저 진짜 어깨라인 ㄱㅊ은 편인데 좀 뜨네요 그래도 이너로 입을 거라 그냥 잊을게요
vrVT95y2,,22.03.14,아이보리,블랙,정사이즈예요,보통이에요,화면과 비슷해요,161cm,44kg,상의 44,"부드럽고 이너로 입기 아주 좋습니다!!
제가 찍은 사진이 밝게 나왔습니다."
한잉92,상위 15%,23.12.11,아이보리,연그레이,정사이즈예요,아주 만족해요,화면과 비슷해요,165cm,52kg,상의 55,아쥬 맘에 들어요!!!기모는 없지만 재질이 쫀득하고 촥! 달라붙고 맘에 들어용
WglLYpia,,23.11.27,블랙,톤다운핑크,정사이즈예요,보통이에요,화면과 비슷해요,,,,"새옷이라 처음 입으면 목이 졸리는데 늘어나니깐 괜찮아요.
색감은 생각한 그대롭니다."
bH7rAFzQ,,23.11.17,블랙,네이비,정사이즈예요,보통이에요,화면과 비슷해요,164cm,53kg,상의 55,네이비가 생각보다 밝아서 약간 당황했네요 그리고 목이 많이 좀 조여요 답답한거 싫어하시는분들은 못입으실것 같습니다
tLpjAsow,,22.04.05,아이보리,블랙,정사이즈예요,보통이에요,화면과 비슷해요,156cm,63kg,상의 66,"자켓 안에 입으려고 샀어요 
얇아서 오히려 끼지않고 저는 너무 편하게 입었습니당 ㅋㅋ 가성비 좋게 잘 산 것 같아요!"
fqu6fhK4,,22.03.27,브라운,블랙,정사이즈예요,아주 만족해요,화면과 비슷해요,164cm,50kg,상의 55,촉감도 부들부들 너무 좋아요 제가 찾던 옷이예요 색깔변로 더 주문하려구요
Ygkdfw1W,,22.03.08,아이보리,소라,정사이즈예요,보통이에요,화면과 비슷해요,158cm,45kg,상의 44,겨울되면 자주 구매해요 색이 다양해서 포인트로 입어주기 좋은 색도 있고 만족해요
ohyo*****,,24.02.19,소라,블랙,정사이즈예요,아주 만족해요,화면과 비슷해요,163cm,52kg,상의 55,핏도 괜찮았구 소재도 나쁘지않아요!! 원플원에 이 가격이면 합리적인듯
vfMvAKaH,,24.01.14,아이보리,블랙,정사이즈예요,아주 만족해요,화면과 비슷해요,158cm,49kg,상의 55,적당히 여유있게 잘맞아요 색깔별로 구매해도 좋을거같아요
6BR4Fhu7,,24.01.02,톤다운핑크,진핑크,정사이즈예요,보통이에요,화면과 비슷해요,166cm,56kg,상의 66,"목부분 거슬리는 거 없이 좋아요!
재질도 부드러워요"
6BR4Fhu7,,24.01.02,아이보리,소라,정사이즈예요,보통이에요,화면과 비슷해요,166cm,56kg,상의 66,"찰랑하고 재질은 부드러워요!
안에 입기 좋아요"
ROXpmiti,,23.12.15,블랙,딥블루,정사이즈예요,아주 만족해요,화면과 비슷해요,166cm,53kg,상의 44,이너로 아주 잘 입고 있어요 색듀 화면이랑 똑같고 이뻐요 좋아요 !!!
UhSQZ85w,,23.12.12,아이보리,블랙,정사이즈예요,아주 만족해요,화면과 비슷해요,165cm,50kg,상의 44,"1+1 이라는 점이 일단 최고
생각보다 재질 좋아서 깜짝
어디든 잘 어울려 ㄱH좋음"
Brpn6lmS,,23.12.05,블랙,먹색,정사이즈예요,보통이에요,화면과 비슷해요,163cm,47kg,상의 44,두꺼운 목티는 아니라서 안에 입는 용도로 좋아요!
MML9xrdM,,23.11.25,블랙,블랙,정사이즈예요,아주 만족해요,화면과 비슷해요,160cm,50kg,상의 55,부들부들하고 목도 안불편해요 넘 만족합니다:)
2OMFCpyo,,23.11.22,아이보리,블랙,정사이즈예요,보통이에요,화면과 비슷해요,163cm,57kg,상의 66,타이트한 핏이지만 목부분을 비롯한 전체적으로 불편하지 않아서 좋아요
BYunRKXl,,23.10.13,아이보리,아이보리,정사이즈예요,아주 만족해요,화면과 비슷해요,165cm,56kg,상의 55,배송 엄청 빠르고 포장꼼꼼히 되어 있어요 소라색 입었었는데 자주 입어서 또 구매 했어요
BYunRKXl,,23.10.13,청록,소라,정사이즈예요,아주 만족해요,화면과 비슷해요,165cm,56kg,상의 55,배송 엄청 빠르고 포장꼼꼼히 되어 있어요 소라색 입었었는데 자주 입어서 또 구매 했어요
봄웜소프트립추천받,,22.05.07,소라,블랙,정사이즈예요,아주 만족해요,화면과 비슷해요,165cm,50kg,상의 55,개인적으로 블랙이 필요해서 같이 샀는데 소라색 너무 예뻐요..ㅠㅠㅜ진짜 강추에요
XCkZJxX0,,22.04.14,아이보리,소라,정사이즈예요,아주 만족해요,화면과 비슷해요,165cm,52kg,상의 55,"가격대비 만족감 Gooood이에요
소라색 여쿨찰떡입니다, 쫙 달라붙어용"
ALWPkNiC,,22.04.06,베이지,블랙,정사이즈예요,보통이에요,화면과 비슷해요,169cm,57kg,상의 77,너무 좋아요 무난하게 기본템으로 착용하기 좋아요
SzwuKYx5,,22.03.21,청록,와인,정사이즈예요,아주 만족해요,화면과 비슷해요,,,,"The colors were just as pretty as I expected, and the fabric is good quality for the price."
IZFcaSzY,,22.03.20,아이보리,블랙,정사이즈예요,보통이에요,화면과 비슷해요,163cm,53kg,상의 55,"얇아서 봄에 입기 좋을거 같아요
흐물흐물해서 목 부분이 금방 늘어지네요"
xiF0XUXn,,22.03.20,코코아,블랙,정사이즈예요,아주 만족해요,화면과 비슷해요,164cm,60kg,상의 66,보들보들 몸에 착 감겨요 지금날씨에 입기 딱좋네요
킴킴,,22.03.18,블랙,아이보리,정사이즈예요,보통이에요,화면과 비슷해요,159cm,52kg,상의 55,생각했던 사이즈와 똑같고 핏이나 색감도 마음에 들어용
uqRBZn6G,,22.03.16,블랙,톤다운핑크,정사이즈예요,보통이에요,화면과 비슷해요,156cm,54kg,상의 66,오래는 못입을거같긴한데 한계절입기 좋아여!! 보들보들하고 신축성좋아여
6v271Zk0,,22.03.10,청록,블랙,정사이즈예요,아주 만족해요,화면과 비슷해요,155cm,50kg,상의 55,가볍게 입기좋아요 소재도 부드러워서 자주 손이가네요
v07kKwCL,상위 30%,22.03.09,아이보리,크림,정사이즈예요,보통이에요,화면과 비슷해요,163cm,52kg,상의 55,배송ㅇ 빨랐고 재질도 나름 괜찮아서 잘 입고 있어요
SzBniwtB,,22.03.07,아이보리,블랙,정사이즈예요,보통이에요,화면과 비슷해요,163cm,52kg,상의 55,쫀쫀해서 몸에 착 달라붙고 옷감도 부드러워서 잘 입을것 같아요!
JQ1KaPcg,,24.01.29,톤다운핑크,블랙,작아요,아주 만족해요,화면과 비슷해요,153cm,47kg,상의 55,"착용감은 딱 붙어서 맘에 들어요
체형을 잘 잡아줘서 만족입니다"
1M7k4Lr7,,24.01.24,아이보리,블랙,정사이즈예요,보통이에요,화면과 비슷해요,151cm,39kg,상의 55,생각보다 너무 얇아서 놀랐어요... 후드티나 가디건 안에 입어야 할 거 같아요 그럴려고 샀는데 얇아서 아쉬워요😢 잘 입을게요!
fsHz0eAK,,23.12.20,베이지,코코아,정사이즈예요,보통이에요,화면과 비슷해요,172cm,57kg,상의 66,"1+1 인데 퀄리티도 좋아요!!!
다만 베이지색이 제가 생각한것보다 더 어두웠던거 같아요ㅠㅠ"
IObzJJPi,,23.12.05,블랙,아이보리,정사이즈예요,보통이에요,화면과 비슷해요,156cm,49kg,상의 55,"목이 사알짝 불편하긴하지만
입다보면 늘어날거가타요!
저렴한 가격에 잘 구매해써요"
u5pQNMLu,,22.09.09,크림,코코아,정사이즈예요,보통이에요,화면보다 어두워요,162cm,50kg,상의 55,입 어 보 진 않 았 지 만 재 질 이 좋 네 요! 후 기 들 처 럼 살 짝 광 이 돌 아 요 ^^
1Onv8psl,,22.04.22,아이보리,블랙,정사이즈예요,보통이에요,화면과 비슷해요,168cm,77kg,상의 88,좀 생각보다 얇긴한데 좋아요 목 길이도 적당해요
KQ7yGR0s,,22.04.19,소라,베이지,정사이즈예요,아주 만족해요,화면과 비슷해요,,,,사진이랑 색상 비슷하고 부들부들하고 이너로 입기 딱 좋아요
VKsSCZpu,상위 30%,22.04.02,아이보리,블랙,정사이즈예요,보통이에요,화면과 비슷해요,,,,"생각보다 두껍지않아 좋아요~
배송 빠릅니다"
Hy2YwsNp,,22.03.29,아이보리,블랙,정사이즈예요,아주 만족해요,화면과 비슷해요,156cm,56kg,상의 66,아주 쫀쫀하고 좋아요! 나름 고민하고 샀는데 아주 잘산 것 같네요 ㅎㅎ 이너로 입기 딱 좋겠어요 ㅎㅎ
cF8UOYL6,,22.03.27,먹색,청록,정사이즈예요,보통이에요,화면과 비슷해요,160cm,50kg,상의 55,사진이 좀 밝게 나왔는데 부들 부들하고 이너로 입기에 좋아요
CP5zkfFw,,22.03.25,아이보리,블랙,정사이즈예요,보통이에요,화면과 비슷해요,159cm,50kg,상의 44,완전 쫀쫀하고 생각만큼 너무 괜찮아요
zu7iGpoT,,22.03.18,코코아,톤다운핑크,정사이즈예요,보통이에요,화면과 비슷해요,167cm,53kg,상의 55,맘에 듭니당 분홍은 아직 안입어 봤지만 핏은 맘에 들어용
d3a6qBp5,,22.03.16,크림,블랙,정사이즈예요,보통이에요,화면과 비슷해요,,,,쫀쫀하니 좋네요 여러옷들이랑 매칭이 잘될거 같아요
6THuOQ1f,,22.03.13,블랙,코코아,정사이즈예요,아주 만족해요,화면과 비슷해요,160cm,55kg,상의 55,이쁘고 스판이 좋아서 입기도 편해요 다른 사이트 제품보다 이게 젤 이쁘고 괜찮은듯해요
rDKJLXDC,,22.03.11,청록,코코아,정사이즈예요,보통이에요,화면과 비슷해요,,,,제 생각보다 훨씬 얇고 몸에 딱 붙어요! 아우터랑 같이 입을 때 휘뚜루마뚜루 입기엔 좋을 것 같아요
QVUfQbN4,,22.03.10,아이보리,크림,정사이즈예요,아주 만족해요,화면과 비슷해요,,,,엄청부드럽고 밝은계열로 샀더니 아무옷에 입어도 잘어울려요
mI0S9NCt,,22.03.08,아이보리,블랙,정사이즈예요,아주 만족해요,화면과 비슷해요,164cm,57kg,상의 55,55 반인데 막 딱 붙지 않고 여유롭게 입을수 있어서 좋았어요 이너로도 딱이에요 ㅎㅎ🤍
2dYSeYeC,상위 30%,22.03.07,청록,블랙,정사이즈예요,보통이에요,화면과 비슷해요,157cm,60kg,상의 66,목쪽에 박음질 방향이 이상해요. 그래도 이쁘게 입겠습니다.
6CoOId0S,,22.03.07,아이보리,블랙,정사이즈예요,보통이에요,화면과 비슷해요,,,,엄청 부드럽고 핏도 예상한 핏입니다 예뻐요
조땡,,25.01.04,블랙,블랙,정사이즈예요,아주 만족해요,화면과 비슷해요,147cm,43kg,상의 55,가격도 저렴한데 퀄리티도 좋아서 요즘 잘 입고있어요ㅎㅎㅎ
ShV5Xncd,,23.12.28,아이보리,연그레이,정사이즈예요,보통이에요,화면과 비슷해요,160cm,46kg,상의 44,사진과 색상 거의 유사하고 저렴하게 샀는데 나름 퀄리티 괜찮아요
yjHC6o6W,,23.12.19,브라운,블랙,정사이즈예요,보통이에요,화면과 비슷해요,168cm,62kg,상의 55,부드럽고 좋습니다. 길이감도 딱좋고 이너로 입기 딱좋아요!!!
UVr82s2c,,23.12.11,소라,코코아,정사이즈예요,보통이에요,화면과 비슷해요,161cm,41kg,상의 44,"색상이 마음에 들어서 샀어요
얇긴 한데 예뻐요 :)"
BkG87NVJ,,23.11.23,소라,먹색,정사이즈예요,보통이에요,화면보다 밝아요,165cm,53kg,상의 44,먹색이 생각보다 예뻤고 소라는 사진보다 더 밝아 놀랐어요. 그래도 예쁘게 잘 입을수 있을것 같네요
e0ZleqKM,,23.10.26,아이보리,아이보리,정사이즈예요,보통이에요,화면과 비슷해요,165cm,48kg,상의 44,배송도 빠르고 편하고 너무 좋은거 같아요 !!^^
zvv0RtwD,,23.10.23,브라운,아이보리,정사이즈예요,보통이에요,화면과 비슷해요,165cm,56kg,상의 55,"배송도 빠르고 저렴한 가격에
너무 잘 산거 같아요ㅔ"
YR6Oc9xm,,23.10.22,소라,아이보리,정사이즈예요,보통이에요,화면과 비슷해요,159cm,50kg,상의 55,추울 때 원피스 안에 입기 좋아요 그리고 쫀쫀한 티라 잘 늘어나요
SIFNT1Fl,,22.10.07,크림,크림,정사이즈예요,아주 만족해요,화면보다 밝아요,168cm,60kg,상의 66,"쫀쫀해서 재구매했어요 ㅎㅎ
이너로 입기도 좋고 활동하기 편해요!"
XifXjQwj,,22.05.10,아이보리,블랙,정사이즈예요,보통이에요,화면과 비슷해요,163cm,60kg,상의 66,적당히 붙지만 목 두꺼운 분들은 조심하시길 ㅜㅜ속 안 좋게 올라와요
jRiYiqn3,,22.04.03,블랙,아이보리,정사이즈예요,별로예요,화면과 비슷해요,158cm,65kg,상의 66,입어봤는데 사이즈는 괜찮지만 면이 얇아서 안이 다 비치네요ㅠㅜㅠ
큠이,,22.04.03,아이보리,블랙,정사이즈예요,보통이에요,화면과 비슷해요,157cm,45kg,상의 44,"디자인 괜찮아요 ㅎㅎ
퀄리티도 좋아요"
7OAza12L,,22.03.31,먹색,소라,정사이즈예요,보통이에요,화면과 비슷해요,155cm,60kg,상의 66,색감도 괜찮고 한철 입기 딱 좋은듯해요
01**,,22.03.30,블랙,베이지,정사이즈예요,보통이에요,화면과 비슷해요,,,,목폴라 너무 마음에 들어요 이렇게 얇은 거 필요했는데 잘 입을게요
zBKIiSmo,상위 30%,22.03.16,코코아,블랙,정사이즈예요,보통이에요,화면과 비슷해요,160cm,63kg,상의 66,짱짱하니 구매후 여러번 세탁했는데 목 늘어남이 많이 없어서 좋았어요!!
n2SDtDJF,,22.03.15,아이보리,블랙,정사이즈예요,보통이에요,화면과 비슷해요,163cm,42kg,상의 44,무난한 거 같아요 가격대비 퀄도 좋아요
QEq3K7QQ,상위 10%,22.03.14,아이보리,블랙,정사이즈예요,보통이에요,화면과 비슷해요,,,,기본템이라 무난합니다. 잘 입을게요~
VKaxLWuR,,22.03.11,베이지,브라운,정사이즈예요,보통이에요,화면과 비슷해요,160cm,53kg,상의 55,부들부들하고 입기 편해요 신축성도 좋고요 재구매입니다
iVg6h0u0,,22.03.10,베이지,먹색,정사이즈예요,보통이에요,화면과 비슷해요,172cm,62kg,상의 66,있으면 좋은 기본템입미당 색깔별로 여러개로 쟁였어용
뽀미르네,상위 5%,23.12.24,연한먹색,코코아,정사이즈예요,보통이에요,화면과 비슷해요,158cm,58kg,상의 66,딱 생각한 색이라서 맘에 들어요. 저렴한 가격에 잘 샀습니다~
Zfiegc15,,23.12.18,톤다운핑크,소라,정사이즈예요,보통이에요,화면보다 밝아요,160cm,49kg,상의 55,"입기도 너무펀하고 핏잘잡아줘서 매일입고있어요 
목까지와서 걱정햇는데 입고벗고 넘좋아용"
지그재그핑이다츄,상위 5%,23.12.05,아이보리,먹색,작아요,보통이에요,화면과 비슷해요,163cm,58kg,상의 66,"작아도 너무 작아요 ㅜㅜ
기모로 산것 같은데 그냥 면 소재로 너무 얇네요..
그냥 니트 안에 이너로 입어야겠죠.."
xtbsASOP,,23.11.28,아이보리,블랙,정사이즈예요,보통이에요,화면과 비슷해요,156cm,47kg,상의 44,이뻐요ㅕㅗㅇ 다들 꼭 사세용!!! !!! 고민 계속 햇는데 그 시간이 너무 아까워요ㅠㅜ!! 진짜 핏도 이쁩니다!!! !!!
uKdE9DGZ,,23.11.23,먹색,브라운,정사이즈예요,보통이에요,화면과 비슷해요,,,,"쫀쫀하고 핏도 이빠요
근데 건조기 돌렼ㅅ더니 조금 작아젺어용
다들 건조기사용xxx"
3JBgw2kk,,23.11.19,아이보리,톤다운핑크,정사이즈예요,아주 만족해요,화면과 비슷해요,158cm,51kg,상의 55,얇은 목티 찾고있었는데 너무 만족합니당 많이 달라붙지도 않고 딱좋아요 !!
3JBgw2kk,,23.11.19,와인,소라,정사이즈예요,아주 만족해요,화면과 비슷해요,158cm,51kg,상의 55,얇은 목티 찾고있었는데 너무 만족합니당 많이 달라붙지도 않고 딱좋아요 !!
y3FtT9dG,,22.06.07,민트,톤다운핑크,정사이즈예요,아주 만족해요,화면과 비슷해요,160cm,50kg,상의 55,스판끼도좋고 몸에도 딱 붙어서 너무좋아요.
y1XtvOYu,,22.04.12,아이보리,블랙,정사이즈예요,아주 만족해요,화면과 비슷해요,153cm,57kg,상의 66,짱좋아요 쫀쫀합니당 그리고 이가격이면 사야죵 ㅋㅋ~~
28UsjX1b,,22.04.03,아이보리,블랙,정사이즈예요,아주 만족해요,화면과 비슷해요,163cm,54kg,상의 55,좋은 가격에 좋은 옷 득템해서 좋아요~~
ff**,,22.03.19,블랙,아이보리,생각보다 커요,보통이에요,화면과 비슷해요,158cm,39kg,상의 44,제가 목이 얇은건지모르겠는데 폴라가 목에 딱 붙지않고 뜨더라구요ㅠㅠ 그리고 목에 서로선? 마감선이 조금 신경쓰여요ㅠㅠ
Mago9NjW,,22.03.18,아이보리,블랙,정사이즈예요,보통이에요,화면과 비슷해요,160cm,58kg,상의 66,"안에 기본티로 입기 좋아용 흰색은 속옷이 보여서 
나시입고 입는게 좋은 것 같습니다!"
p3Zgr8oq,,22.03.14,아이보리,청록,정사이즈예요,보통이에요,화면과 비슷해요,160cm,55kg,상의 66,이너로 입기에 좋아요. 다른 목티들도 그렇지만 한철용이기는 해도 입을만 합니다.
DreXBQJo,,22.03.09,아이보리,블랙,정사이즈예요,아주 만족해요,화면과 비슷해요,162cm,64kg,상의 66,재질도 너무 부드럽고 니트만 입기엔 살짝 추워서 니트안에 꼭 입고다니고 있어요.
KNMNLmib,,24.03.12,연그레이,연그레이,작아요,보통이에요,화면과 비슷해요,164cm,58kg,상의 55,생각보다 작지만 쫀쫀하고 데일리로 입기 좋아요
CGEekdcja,,23.12.11,소라,코코아,정사이즈예요,아주 만족해요,화면과 비슷해요,160cm,49kg,상의 44,가격 저렴해서 안좋을줄 알았는데 가성비 질 좋아요!
졍이스,,23.11.27,아이보리,블랙,정사이즈예요,보통이에요,화면과 비슷해요,155cm,43kg,상의 44,"촉감이 보들보들해서 만족합니다! 저렴한 가격에
구매 잘한거 같아요:)"
kNyHQYxB,,22.06.22,블랙,먹색,정사이즈예요,아주 만족해요,화면과 비슷해요,164cm,64kg,상의 66,전에 다른색으로 산 적 있었는데 다른 색도 구매하고싶어서 미리 구매했습니다ㅎㅎ
G7EzGGzV,,22.03.26,아이보리,블랙,정사이즈예요,보통이에요,화면과 비슷해요,164cm,47kg,상의 55,무난해서 이너로 입기 딱 좋은 거 같아요!! 자주 입고 다닐 거 같습니당 😊
W9nIoYoj,,22.03.17,소라,코코아,정사이즈예요,보통이에요,화면과 비슷해요,164cm,65kg,상의 55,굉장히 얇아 단독으로 입지는 못하지만 다른 옷들과 함께 입기엔 딱입니다!
S17vRepI,,24.03.27,아이보리,소라,정사이즈예요,보통이에요,화면보다 밝아요,163cm,55kg,상의 55,소라색이 좀 …. 촌스러워 보여요 그래도 화이트는 이쁨
V0N0PA4G,,22.03.31,크림,블랙,정사이즈예요,별로예요,화면보다 어두워요,160cm,51kg,상의 55,"한번 세탁하고 나니까 목 부분이 너덜너덜해졌어요,,,"
oXfgs28h,,24.11.22,아이보리,소라,정사이즈예요,보통이에요,화면과 비슷해요,160cm,48kg,상의 44,얇아요 이너로 입기 딱이에요 저렴한 맛에 입어요
KFocNa4l,,24.11.16,아이보리,블랙,정사이즈예요,아주 만족해요,화면과 비슷해요,168cm,60kg,상의 66,안에 껴입을 옷으로 샀는데 괜찮습니다! 만족이에요
KtO4Upez,,24.10.31,블랙,코코아,정사이즈예요,아주 만족해요,화면과 비슷해요,162cm,53kg,상의 55,"이너로 입기 좋아요!
제가 원하는 핏이에요ㅎㅎ"
xodm******,,24.10.17,아이보리,아이보리,정사이즈예요,보통이에요,화면과 비슷해요,166cm,62kg,상의 66,스판도 좋고 길이도 딱 적당해서 또 구매했습니다~
NafS40n8,,24.02.21,베이지,소라,정사이즈예요,아주 만족해요,화면과 비슷해요,162cm,50kg,상의 44,보드랍고 적당히 얇아서 간절기에 딱일거 같아요♡ 감사합니다🧡
3vRuAGWg,,24.02.15,톤다운핑크,코코아,정사이즈예요,보통이에요,화면과 비슷해요,164cm,52kg,상의 55,가디건 안에 입으려고 주문했는데 생각보다 더 쫀쫀해서 달라붙네요 그래도 날이 풀려서 안에 입고 가디건 입으니 춥지 않았어요
NjamGmfE,,23.12.22,아이보리,먹색,정사이즈예요,아주 만족해요,화면과 비슷해요,166cm,60kg,상의 55,면도 좋고 이뻐요 잘 입을께요 깔끔하네욯ㅎㅎ!
mO5aakTv,,23.12.14,코코아,소라,정사이즈예요,보통이에요,,161cm,60kg,상의 55,"얇긴 하나 
속안에 입을려고 산거라 
부드럽고 좋아요"
QJ89UTXa,상위 15%,23.12.10,코코아,소라,정사이즈예요,아주 만족해요,화면과 비슷해요,151cm,54kg,상의 55,답답하지가 않고 부드럽게 잘 입을수 있는. 폴라티 같아서 좋아요!!
lyMrRh0U,,23.12.06,아이보리,블랙,정사이즈예요,보통이에요,화면과 비슷해요,168cm,58kg,상의 66,겨울마다 사는 교복템이에요ㅎ 쫀쫀하고 좋아요~!
CifcudYW,,23.11.15,톤다운핑크,코코아,정사이즈예요,아주 만족해요,화면과 비슷해요,158cm,42kg,상의 44,재질이 쫀쫀하고 이너로 입기 아주 좋아요 !!!
sLQwTPjd,,22.11.10,코코아,크림,정사이즈예요,보통이에요,화면과 비슷해요,165cm,70kg,상의 66,"좋아요 목이 너무 답답하지 않아서 좋았어요
 이너로 입기 좋네요"
gCZGhR3Z,,22.04.13,브라운,와인,작아요,보통이에요,화면과 비슷해요,150cm,60kg,상의 55,"생각보다 얇고 좀 작았어요
소재는 부드럽고 나쁘지 않아요"
CPMoBYqO,,22.04.08,아이보리,블랙,정사이즈예요,보통이에요,화면과 비슷해요,160cm,62kg,상의 66,"이너로 입기 딱 좋아요! 한여름에는 못입고 봄,가을에 입기좋습니다!!"
8D25GVTj,,22.03.26,아이보리,블랙,정사이즈예요,보통이에요,화면과 비슷해요,152cm,50kg,상의 55,"사이즈도 딱 좋고 날씬해 보여요
이너로 입기 좋아요~~~~"
FGB3t8iW,,22.03.23,블랙,민트,정사이즈예요,보통이에요,화면과 비슷해요,163cm,53kg,상의 66,목부분 좀 헐렁해서 그런데 나머진 좋아요
dYf4Ol8D,,22.03.17,아이보리,블랙,정사이즈예요,보통이에요,화면과 비슷해요,158cm,49kg,상의 55,"옷 촉감도 좋고 
안에 이너로 편하게 입기 좋아요~"
vhY3IdWT,,22.03.17,크림,블랙,정사이즈예요,보통이에요,화면과 비슷해요,153cm,47kg,상의 55,봄에 입을 옷이 필요해서 샀는데 기본티로 입기에 좋은 것 같아요
gZSWMawZ,,22.03.15,아이보리,코코아,정사이즈예요,아주 만족해요,화면과 비슷해요,165cm,56kg,상의 66,생각보다 진짜 쫀쫀하고 색도 이뻐요! 진짜 자주 입고 다닙니당
Oiu7ImAw,,22.03.15,아이보리,크림,정사이즈예요,보통이에요,화면보다 밝아요,156cm,50kg,상의 55,일단 이가격에 이 퀄리티면 나쁘지않다고 생각합니다 이너로 입기 충분해서 자주 입을꺼같아요 감사합니다
VsjW5GbL,,22.03.08,아이보리,블랙,정사이즈예요,보통이에요,화면과 비슷해요,151cm,58kg,상의 66,"부들부들하고 1+1인건 좋은데 
배송이 조금 오래걸렸어요!"
ZELVMuek,,24.01.26,카키,연그레이,정사이즈예요,보통이에요,화면과 비슷해요,155cm,45kg,상의 44,아주 살짝 비치기는 하지만 그래도 이뻐요 안에 다른 얇은 나시 입으면 될듯
PhLfV5T0,,23.12.24,베이지,톤다운핑크,정사이즈예요,아주 만족해요,화면과 비슷해요,158cm,48kg,상의 55,이너로 여기저기 입기좋아서 요즘 매일 색 바꿔가며 입고있네요ㅎㅎ
q6Gtviuu,,23.12.09,아이보리,블랙,정사이즈예요,보통이에요,화면과 비슷해요,153cm,43kg,상의 44,목티 이너로 입기 넘 좋아요 ~ 잘입겟습니다!!!
fWo3mG5G,상위 15%,22.06.09,블랙,크림,작아요,보통이에요,화면과 비슷해요,163cm,53kg,상의 55,어깨선이 좁게 나와서 옷이 좀 작게 느껴지지만 괜찬하요
Ngl6CK0L,,22.04.18,아이보리,청록,정사이즈예요,보통이에요,화면과 비슷해요,160cm,52kg,상의 55,좋아요 튼튼하고 엄청 저렴하게 잘 구매했습니당
cF8UOYL6,,22.04.18,소라,크림,정사이즈예요,아주 만족해요,화면과 비슷해요,160cm,50kg,상의 55,부들부들해서 자꾸 입고 싶어용 ~~~~
Sr8FZdtn,,22.04.09,아이보리,베이지,정사이즈예요,보통이에요,화면과 비슷해요,168cm,55kg,상의 55,안에입기 좋은거같아요 재구매 할거에요
1WvU9Mgv,,22.04.09,아이보리,블랙,작아요,아주 만족해요,화면과 비슷해요,,,,퀄리티 좋음. 잘 늘어남 ..
M6bZEwe5,,22.04.01,블랙,아이보리,정사이즈예요,아주 만족해요,화면과 비슷해요,162cm,58kg,상의 44,"가격이 저렴해서 걱정했는데, 너무 좋아요!"
hBMBP40e,,22.03.29,블랙,소라,정사이즈예요,보통이에요,화면과 비슷해요,158cm,47kg,상의 55,가격대비 좋아요 ㅎ싼맛에 강추 ㅎㅎㅎㅎ
D8umYZqp,,22.03.26,청록,코코아,정사이즈예요,보통이에요,화면과 비슷해요,162cm,50kg,상의 44,아직 입진 않았지만 잘 입을게용!!!
Sr8FZdtn,,22.03.24,민트,소라,정사이즈예요,보통이에요,화면과 비슷해요,168cm,55kg,상의 55,벌써 네장째 구매중이에요 넘 편해요~
YyRirnom,,22.03.22,청록,코코아,정사이즈예요,아주 만족해요,화면과 비슷해요,,,,목 부분이 많이 끼이지 않아서 좋았던것 같아요
TrsPGWsi,,22.03.21,블랙,코코아,정사이즈예요,보통이에요,화면과 비슷해요,163cm,53kg,상의 55,코코아색은 조금생각햇던거랑달라용용요용ㅇ
gLFxZgc0,,22.03.19,블랙,청록,정사이즈예요,보통이에요,화면보다 어두워요,161cm,49kg,상의 55,"무난하게 입기 좋아요~
다음에또살게뇨"
UBlWiDDE,,22.03.19,아이보리,블랙,작아요,보통이에요,화면과 비슷해요,168cm,62kg,상의 66,"빨고나니 사이즈가 확 줄어서 아쉽네요
사이즈가 아쉬워요 😭"
더퀸,,22.03.15,블랙,크림,정사이즈예요,보통이에요,화면과 비슷해요,170cm,53kg,상의 55,부들부들하고 색감이 너무 예뻐서 자주 입을거같아여
자연스럽게,,22.03.15,아이보리,블랙,정사이즈예요,보통이에요,화면과 비슷해요,160cm,62kg,상의 66,아직 입어보지는 않았는데 쫀쫀하고 좋아보이네요
ylzOhXpt,,22.03.13,크림,코코아,정사이즈예요,보통이에요,화면과 비슷해요,158cm,48kg,상의 44,딱 기본템으로 레이어드 해서 입기 좋아요
c1wGfWoW,,22.03.13,크림,톤다운핑크,정사이즈예요,보통이에요,화면과 비슷해요,160cm,46kg,상의 44,진짜 스판도너무좋구z최구입니당ㅎㅎㅎㅎ굿
IQ6GK9m4,,22.03.12,아이보리,소라,정사이즈예요,보통이에요,화면과 비슷해요,162cm,53kg,상의 44,아직 입어보진 않았는데 좋아요 ㅎㅎ 색상도 예쁘네요
yoon_,,22.03.11,블랙,소라,정사이즈예요,보통이에요,화면과 비슷해요,158cm,50kg,상의 44,편하고 좋아용 최근산 목폴라중에 젤 맘에듦 ㅎㅎ
wltj******,,22.03.11,블랙,소라,정사이즈예요,보통이에요,화면과 비슷해요,160cm,56kg,상의 66,사실 얇긴얇은데 가성비는 최곱니다 ㅎㅎ
ICCBxjCb,,22.03.10,아이보리,블랙,정사이즈예요,보통이에요,화면과 비슷해요,169cm,65kg,상의 55,쫀쫀하고 좋아용 이너로 입으려고 샀는데 딱입니당
g98YXfNT,상위 30%,22.03.08,아이보리,블랙,정사이즈예요,보통이에요,화면과 비슷해요,163cm,45kg,상의 44,가볍게 이너로 입기 좋아요 굉장히 얇아요
rnde****,,24.10.20,아이보리,블랙,정사이즈예요,보통이에요,화면과 비슷해요,164cm,50kg,상의 44,꽤 괜찮아요 근데 목 부분이 좀 늘어지는건 있어서 감안하셔요
kTtBpNCH,,23.12.16,베이지,톤다운핑크,정사이즈예요,보통이에요,화면과 비슷해요,168cm,53kg,상의 44,가격도 싸고 겨울에 이너로 입기 좋아요!!!!
n942yvFJ,,23.12.08,블랙,소라,정사이즈예요,아주 만족해요,화면과 비슷해요,,,,목이 답답할까 걱정했는데 괜찮아요 ! 이너로 입기에도 딱 좋아요
BE14cj4T,,23.12.04,아이보리,아이보리,정사이즈예요,보통이에요,화면과 비슷해요,159cm,53kg,상의 66,딱맞네요~~ 저렴한 가격에 잘 산것 같아요 :)
xodm******,,23.12.01,블랙,블랙,정사이즈예요,보통이에요,화면과 비슷해요,166cm,63kg,상의 66,신축성도 좋고 길이도 딱 적당해서 좋습니다~~
wqzdKD02,,23.11.26,소라,톤다운핑크,정사이즈예요,보통이에요,화면과 비슷해요,162cm,50kg,상의 55,"목부분이 짱짱해서 늘어날 걱정은 없겠어요
이너로 입기 좋습니다"
AGRTLT6W,,23.11.21,코코아,블랙,정사이즈예요,보통이에요,화면과 비슷해요,168cm,55kg,상의 44,생각보다 엄청 얇아요 껴입을때 이너로만 입을수잇을꺼같네요 가격대비 싼맛으로 그냥 편하게 입으면 될꺼같아요 ~!!
PtEMOxs4,,22.11.30,민트,베이지,정사이즈예요,아주 만족해요,화면과 비슷해요,162cm,56kg,상의 55,굿굿굿 맘에 쏙 들구 재질두 제가 원했던 그대로예요 ! 무조건 추천!!
TUG8VJ9y,,22.04.18,아이보리,블랙,정사이즈예요,보통이에요,화면과 비슷해요,,,,맘에들어요 소재좋고 가격도 저렴하네요오
bH7nSDOd,,22.03.29,아이보리,소라,정사이즈예요,보통이에요,화면과 비슷해요,168cm,56kg,상의 66,진짜 어ㅓㅓㅓㅁ청 얇으니까 속옷 다 비칠거 감안하고 사세요...이너로 입을거면 상관없는데 겉에 입으면 속옷색깔 공개 가능..
qMxZDjME,,22.03.28,블랙,아이보리,정사이즈예요,보통이에요,화면과 비슷해요,159cm,47kg,상의 55,"이 가격에 이정도 퀄리티,,너무 좋슴당 싸게 예쁜거 잘 산거 같아요!"
FGB3t8iW,,22.03.23,아이보리,크림,정사이즈예요,보통이에요,화면과 비슷해요,163cm,53kg,상의 66,"좋아요 부드럽고 맘에 들어요
화면과 같아요"
Gzza8hpG,,22.03.15,베이지,크림,정사이즈예요,별로예요,화면과 비슷해요,162cm,49kg,상의 66,반짝반짝한 소재! 딱 몸을 감싸주는 느낌이었어요
ABZc5uZH,,22.03.09,아이보리,아이보리,정사이즈예요,보통이에요,화면과 비슷해요,160cm,53kg,상의 55,소재 촤르르르 흰색 두장 샀는데 흰색하나 검정색 하나 살걸!
tkfk*****,,22.03.06,청록,블랙,정사이즈예요,보통이에요,화면과 비슷해요,,,,검정이랑 청록 샀는데 청록 색이 너무 이뻐서 만족스러워요
VTijhqVZ,,23.11.27,아이보리,블랙,,,,,,,"팔이 좀 짧아요 ㅜㅜ
긴팔원숭이들에겐 조금 무리
다른 걸 찾아보셔도 조음"
ducXjfZS,,22.05.06,민트,브라운,정사이즈예요,아주 만족해요,화면과 비슷해요,,,,가격대비 최고의 옷입니다 총 몇개를 구매했는지도 모르겠네요ㅎㅎ 계속 재구매 할겁니다!
JDUEmqK4,,22.04.09,아이보리,블랙,정사이즈예요,아주 만족해요,화면과 비슷해요,161cm,61kg,상의 55,전 안에 이걸 입고 밖에 니트를 입고 다니는데 너무 이쁘고 착용감도 딱 좋어요!!
uaadZaHB,,22.03.28,블랙,코코아,정사이즈예요,보통이에요,화면과 비슷해요,160cm,45kg,상의 44,목폴라 싼거 사면 목이 쪼여서 못입고 버렸는데 이건 너무 편안해요!!!!
gGM6asms,상위 25%,22.03.12,청록,톤다운핑크,정사이즈예요,아주 만족해요,화면과 비슷해요,166cm,58kg,상의 55,"너무 좋아서 엄마도 사달라고해서 한번 더 구매했어요ㅎㅎ
그만큼 마음에 듭니다!"
als9***,상위 5%,22.03.09,크림,브라운,정사이즈예요,아주 만족해요,화면과 비슷해요,163cm,58kg,상의 66,아 너무 맘에 듭니다. 차르륵 스판 맞네요ㅎㅂㅎ 이너로 입을려구 샀는데 맘에.들어용
z1ZcGgLg,,24.03.13,아이보리,블랙,정사이즈예요,아주 만족해요,화면과 비슷해요,165cm,53kg,상의 55,잘 입고 다녀요 무난하게 입을 수 있어서 좋은 것 같아요
627S4bIw,,24.02.26,아이보리,아이보리,정사이즈예요,아주 만족해요,화면과 비슷해요,166cm,48kg,상의 55,"2-3차 주문한 티!
이정도가격에 이정도 퀄이면👍🏻"
627S4bIw,,24.02.26,블랙,블랙,정사이즈예요,아주 만족해요,화면과 비슷해요,166cm,48kg,상의 55,이정도가격에 이정도 퀄이면 몇번은 더 사입을거같아욯ㅎ
l1ya7dyP,,24.02.22,아이보리,블랙,정사이즈예요,보통이에요,화면과 비슷해요,171cm,62kg,상의 77,데일리로 누구나 가지고있는 기본 폴라티입니다
LPnbODOa,,24.02.19,소라,블랙,정사이즈예요,보통이에요,화면과 비슷해요,160cm,57kg,상의 55,옷이 너무 얇아서 입었을때 가슴안쪽이 다보여요…
5HP8JgX3,,24.02.07,아이보리,블랙,정사이즈예요,보통이에요,화면과 비슷해요,160cm,57kg,상의 55,이너로 입으면 쪼이지 않고 편안하게 입을 수 있어 좋아요
HsGyEndV,,24.01.25,아이보리,톤다운핑크,정사이즈예요,아주 만족해요,화면과 비슷해요,,,,"부드럽고 따뜻해요!!
목 가운데까지 오고 조이지 않아요!"
902kCKON,,24.01.17,아이보리,블랙,정사이즈예요,아주 만족해요,화면과 비슷해요,,,,이너로 입기 좋고 편해요 완전 기본 아이템~~!!!
WgfM9M4I,,24.01.10,블랙,진핑크,정사이즈예요,별로예요,화면과 비슷해요,162cm,55kg,상의 44,가격만큼의 퀄리티 ㅎ라고 생각하면 될거같아여
LjMz8gIV,,23.11.20,아이보리,베이지,작아요,보통이에요,화면과 비슷해요,168cm,53kg,상의 66,"생각보다 많이 짧아서 놀랐어요ㅠㅠㅋㅋㅋ
근데 가격 생각하면 뭐.. 자주 입을거 같아여~"
CuKdJzrg,,23.11.14,블랙,아이보리,작아요,보통이에요,화면과 비슷해요,164cm,62kg,상의 66,재가 팔이 긴건지 옷 팔이 짧은건지는 모르겠는데 이너로 입으면 따뜻해서 입고 다니고 있슴니더
SitD7ocr,상위 10%,22.04.30,크림,톤다운핑크,정사이즈예요,별로예요,화면과 비슷해요,160cm,51kg,상의 55,너무 얇아요. 니트 안에 레이어드 용으로 입기엔 괜찮아요.
iIZQGj8X,,22.04.20,아이보리,블랙,작아요,아주 만족해요,화면과 비슷해요,170cm,60kg,상의 66,"저는 좀 작게 느껴졌어요
제가 크긴하지만 불편하더라구요
근데 입을정도라 잘 입으려구용 !!!"
,,,,,,,,,,,
,,,,,,,,,,,
,,,,,,,,,,,
,,,,,,,,,,,
,,,,,,,,,,,
,,,,,,,,,,,
,,,,,,,,,,,
,,,,,,,,,,,
,,,,,,,,,,,
,,,,,,,,,,,
,,,,,,,,,,,
,,,,,,,,,,,
,,,,,,,,,,,
,,,,,,,,,,,
,,,,,,,,,,,
,,,,,,,,,,,
,,,,,,,,,,,
,,,,,,,,,,,
,,,,,,,,,,,
,,,,,,,,,,,
,,,,,,,,,,,
,,,,,,,,,,,
,,,,,,,,,,,
,,,,,,,,,,,
,,,,,,,,,,,
,,,,,,,,,,,
,,,,,,,,,,,
,,,,,,,,,,,
,,,,,,,,,,,
,,,,,,,,,,,
,,,,,,,,,,,
,,,,,,,,,,,
,,,,,,,,,,,
,,,,,,,,,,,
,,,,,,,,,,,
,,,,,,,,,,,
,,,,,,,,,,,
,,,,,,,,,,,
,,,,,,,,,,,
,,,,,,,,,,,
,,,,,,,,,,,
,,,,,,,,,,,
,,,,,,,,,,,
,,,,,,,,,,,
,,,,,,,,,,,
,,,,,,,,,,,
,,,,,,,,,,,
,,,,,,,,,,,
,,,,,,,,,,,
,,,,,,,,,,,
,,,,,,,,,,,
,,,,,,,,,,,
,,,,,,,,,,,
,,,,,,,,,,,
,,,,,,,,,,,
,,,,,,,,,,,
,,,,,,,,,,,
,,,,,,,,,,,
,,,,,,,,,,,
,,,,,,,,,,,
,,,,,,,,,,,
,,,,,,,,,,,
,,,,,,,,,,,
,,,,,,,,,,,
,,,,,,,,,,,
,,,,,,,,,,,
,,,,,,,,,,,
,,,,,,,,,,,
,,,,,,,,,,,
,,,,,,,,,,,
,,,,,,,,,,,
,,,,,,,,,,,
,,,,,,,,,,,
,,,,,,,,,,,
,,,,,,,,,,,
,,,,,,,,,,,
,,,,,,,,,,,
,,,,,,,,,,,
,,,,,,,,,,,
,,,,,,,,,,,
,,,,,,,,,,,
,,,,,,,,,,,
,,,,,,,,,,,
,,,,,,,,,,,
,,,,,,,,,,,
,,,,,,,,,,,
,,,,,,,,,,,
,,,,,,,,,,,
,,,,,,,,,,,
,,,,,,,,,,,
,,,,,,,,,,,
,,,,,,,,,,,
,,,,,,,,,,,
,,,,,,,,,,,
,,,,,,,,,,,
,,,,,,,,,,,
,,,,,,,,,,,
,,,,,,,,,,,
,,,,,,,,,,,
,,,,,,,,,,,
,,,,,,,,,,,
,,,,,,,,,,,
,,,,,,,,,,,
,,,,,,,,,,,
,,,,,,,,,,,
,,,,,,,,,,,
,,,,,,,,,,,
,,,,,,,,,,,
,,,,,,,,,,,
,,,,,,,,,,,
,,,,,,,,,,,
,,,,,,,,,,,
,,,,,,,,,,,
,,,,,,,,,,,
,,,,,,,,,,,
,,,,,,,,,,,
,,,,,,,,,,,
,,,,,,,,,,,
,,,,,,,,,,,
,,,,,,,,,,,
,,,,,,,,,,,
,,,,,,,,,,,
,,,,,,,,,,,
,,,,,,,,,,,
,,,,,,,,,,,
,,,,,,,,,,,
,,,,,,,,,,,
,,,,,,,,,,,
,,,,,,,,,,,
,,,,,,,,,,,
,,,,,,,,,,,
,,,,,,,,,,,
,,,,,,,,,,,
,,,,,,,,,,,
,,,,,,,,,,,
,,,,,,,,,,,
,,,,,,,,,,,
,,,,,,,,,,,
,,,,,,,,,,,
,,,,,,,,,,,
,,,,,,,,,,,
,,,,,,,,,,,
,,,,,,,,,,,
,,,,,,,,,,,
,,,,,,,,,,,
,,,,,,,,,,,
,,,,,,,,,,,
,,,,,,,,,,,
,,,,,,,,,,,
,,,,,,,,,,,
,,,,,,,,,,,
,,,,,,,,,,,
,,,,,,,,,,,
,,,,,,,,,,,
,,,,,,,,,,,
,,,,,,,,,,,
,,,,,,,,,,,
,,,,,,,,,,,
,,,,,,,,,,,
,,,,,,,,,,,
,,,,,,,,,,,
,,,,,,,,,,,
,,,,,,,,,,,
,,,,,,,,,,,
,,,,,,,,,,,
,,,,,,,,,,,
,,,,,,,,,,,
,,,,,,,,,,,
,,,,,,,,,,,
,,,,,,,,,,,
,,,,,,,,,,,
,,,,,,,,,,,
,,,,,,,,,,,
,,,,,,,,,,,
,,,,,,,,,,,
,,,,,,,,,,,
,,,,,,,,,,,
,,,,,,,,,,,
,,,,,,,,,,,
,,,,,,,,,,,
,,,,,,,,,,,
,,,,,,,,,,,
,,,,,,,,,,,
,,,,,,,,,,,
,,,,,,,,,,,
,,,,,,,,,,,
,,,,,,,,,,,
,,,,,,,,,,,
,,,,,,,,,,,
,,,,,,,,,,,
,,,,,,,,,,,
,,,,,,,,,,,
,,,,,,,,,,,
,,,,,,,,,,,
,,,,,,,,,,,
,,,,,,,,,,,
,,,,,,,,,,,
,,,,,,,,,,,
,,,,,,,,,,,
,,,,,,,,,,,
,,,,,,,,,,,
,,,,,,,,,,,
,,,,,,,,,,,
,,,,,,,,,,,
,,,,,,,,,,,
,,,,,,,,,,,
,,,,,,,,,,,
,,,,,,,,,,,
,,,,,,,,,,,
,,,,,,,,,,,
,,,,,,,,,,,
,,,,,,,,,,,
,,,,,,,,,,,
,,,,,,,,,,,
,,,,,,,,,,,
,,,,,,,,,,,
,,,,,,,,,,,
,,,,,,,,,,,
,,,,,,,,,,,
,,,,,,,,,,,
,,,,,,,,,,,
,,,,,,,,,,,
,,,,,,,,,,,
,,,,,,,,,,,
,,,,,,,,,,,
,,,,,,,,,,,
,,,,,,,,,,,
,,,,,,,,,,,
,,,,,,,,,,,
,,,,,,,,,,,
,,,,,,,,,,,
,,,,,,,,,,,
,,,,,,,,,,,
,,,,,,,,,,,
,,,,,,,,,,,
,,,,,,,,,,,
,,,,,,,,,,,
,,,,,,,,,,,
,,,,,,,,,,,
,,,,,,,,,,,
,,,,,,,,,,,
,,,,,,,,,,,
,,,,,,,,,,,
,,,,,,,,,,,
,,,,,,,,,,,
,,,,,,,,,,,
,,,,,,,,,,,
,,,,,,,,,,,
,,,,,,,,,,,
,,,,,,,,,,,
,,,,,,,,,,,
,,,,,,,,,,,
,,,,,,,,,,,
,,,,,,,,,,,
,,,,,,,,,,,
,,,,,,,,,,,
,,,,,,,,,,,
,,,,,,,,,,,
,,,,,,,,,,,
,,,,,,,,,,,
,,,,,,,,,,,
,,,,,,,,,,,
,,,,,,,,,,,
,,,,,,,,,,,
,,,,,,,,,,,
,,,,,,,,,,,
,,,,,,,,,,,
,,,,,,,,,,,
,,,,,,,,,,,
,,,,,,,,,,,
,,,,,,,,,,,
,,,,,,,,,,,
,,,,,,,,,,,
,,,,,,,,,,,
,,,,,,,,,,,
,,,,,,,,,,,
,,,,,,,,,,,
,,,,,,,,,,,
,,,,,,,,,,,
,,,,,,,,,,,
,,,,,,,,,,,
,,,,,,,,,,,
,,,,,,,,,,,
,,,,,,,,,,,
,,,,,,,,,,,
,,,,,,,,,,,
,,,,,,,,,,,
,,,,,,,,,,,
,,,,,,,,,,,
,,,,,,,,,,,
,,,,,,,,,,,
,,,,,,,,,,,
,,,,,,,,,,,
,,,,,,,,,,,
,,,,,,,,,,,
,,,,,,,,,,,
,,,,,,,,,,,
,,,,,,,,,,,
,,,,,,,,,,,
,,,,,,,,,,,
,,,,,,,,,,,
,,,,,,,,,,,
,,,,,,,,,,,
,,,,,,,,,,,
,,,,,,,,,,,
,,,,,,,,,,,
,,,,,,,,,,,
,,,,,,,,,,,
,,,,,,,,,,,
,,,,,,,,,,,
,,,,,,,,,,,
,,,,,,,,,,,
,,,,,,,,,,,
,,,,,,,,,,,
,,,,,,,,,,,
,,,,,,,,,,,
,,,,,,,,,,,
,,,,,,,,,,,
,,,,,,,,,,,
,,,,,,,,,,,
,,,,,,,,,,,
,,,,,,,,,,,
,,,,,,,,,,,
,,,,,,,,,,,
,,,,,,,,,,,
,,,,,,,,,,,
,,,,,,,,,,,
,,,,,,,,,,,
,,,,,,,,,,,
,,,,,,,,,,,
,,,,,,,,,,,
,,,,,,,,,,,
,,,,,,,,,,,
,,,,,,,,,,,
,,,,,,,,,,,
,,,,,,,,,,,
,,,,,,,,,,,
,,,,,,,,,,,
,,,,,,,,,,,
,,,,,,,,,,,
,,,,,,,,,,,
,,,,,,,,,,,
,,,,,,,,,,,
,,,,,,,,,,,
,,,,,,,,,,,
,,,,,,,,,,,
,,,,,,,,,,,
,,,,,,,,,,,
,,,,,,,,,,,
,,,,,,,,,,,
,,,,,,,,,,,
,,,,,,,,,,,
,,,,,,,,,,,
,,,,,,,,,,,
,,,,,,,,,,,
,,,,,,,,,,,
,,,,,,,,,,,
,,,,,,,,,,,
,,,,,,,,,,,
,,,,,,,,,,,
,,,,,,,,,,,
,,,,,,,,,,,
,,,,,,,,,,,
,,,,,,,,,,,
,,,,,,,,,,,
,,,,,,,,,,,
,,,,,,,,,,,
,,,,,,,,,,,
,,,,,,,,,,,
,,,,,,,,,,,
,,,,,,,,,,,
,,,,,,,,,,,
,,,,,,,,,,,
,,,,,,,,,,,
,,,,,,,,,,,
,,,,,,,,,,,
,,,,,,,,,,,
,,,,,,,,,,,
,,,,,,,,,,,
,,,,,,,,,,,
,,,,,,,,,,,
,,,,,,,,,,,
,,,,,,,,,,,
,,,,,,,,,,,
,,,,,,,,,,,
,,,,,,,,,,,
,,,,,,,,,,,
,,,,,,,,,,,
,,,,,,,,,,,
,,,,,,,,,,,
,,,,,,,,,,,
,,,,,,,,,,,
,,,,,,,,,,,
,,,,,,,,,,,
,,,,,,,,,,,
,,,,,,,,,,,
,,,,,,,,,,,
,,,,,,,,,,,
,,,,,,,,,,,
,,,,,,,,,,,
,,,,,,,,,,,
,,,,,,,,,,,
,,,,,,,,,,,
,,,,,,,,,,,
,,,,,,,,,,,
,,,,,,,,,,,
,,,,,,,,,,,
,,,,,,,,,,,
,,,,,,,,,,,
,,,,,,,,,,,
,,,,,,,,,,,
,,,,,,,,,,,
,,,,,,,,,,,
,,,,,,,,,,,
,,,,,,,,,,,
,,,,,,,,,,,
