아이디,리뷰어 등급,작성 날짜,옵션1,옵션2,상품 사이즈,퀄리티,색감,키,몸무게,사이즈,리뷰내용,제품_사이즈
쥐방울이,상위 5%,25.01.05,Ivory (오늘출발),Free,정사이즈예요,아주 만족해요,화면과 비슷해요,170.0,72.0,66.0,"후기대로 상자+옷걸이 되게 탄탄하게 왔어요.
가성비 와이셔츠로 참 좋은 것 같아요.
66-77사이즈에 상체는 마른편인데, 정핏보다는 조금 타이트하게 맞았어요. 다음에는 한치수 크게 사볼려고요! 와이셔츠 변색 많고, 관리 힘들잖아요? 저렴한 값으로 여러 개 구매해서 관리하기 수월할 것 같습니다! 조금 이염 있긴 했으나 박박 지웠어요",Free
xRcpfgVZ,상위 1%,25.01.01,Ivory (오늘출발),Free,정사이즈예요,아주 만족해요,화면과 비슷해요,161.0,52.0,55.0,"우선, 제가 아뜨랑스에서 이번에 셔츠를 3개를 샀는데 가장 감동했던 부분이 택배입니다..
옷을 살때 특히 셔츠같은 옷 살때 구겨져서 오거나 막 접혀있으면 스팀이나 다리미질을 하기전까지는 사실 좀 옷이 이쁜지 안이쁜지 모르잖아요?

근데 아뜨랑스는 달라요.

셔츠 하나하나 정성스럽게 옷걸이랑 비닐로 소포장하고 박스도 딱 셔츠 크기에 맞게 오는데 처음 택배를 받아서 셔츠를 보면 그냥 당장 입고 나가도 문제가 없을정도로 완벽하게 세팅되어있거든요
진짜 기분이 너무 좋습니다!!

옷도 링클프리 소재라서 면셔츠와 다르게 부들부들한 느낌이라 맨살에 입어도 좋구요 엉덩이 반 덮는 기장으로 살짝 길어서 하이웨스트 아닌 바지에도 넣어입기 좋습니다
약간 슬림핏이라 정장, 청바지 어디에든 잘어울리고 위에 가디건이나 니트를 레이어드 하기에도 쉬울거같아요!

아무튼 아뜨랑스에서 산 모든 셔츠 다 성공해서 기분이 너무 좋습니다~~~",Free
오구,상위 5%,24.12.01,Ivory (오늘출발),Free,생각보다 커요,아주 만족해요,화면과 비슷해요,151.0,45.0,55.0,"대학 면접 앞두고 단정한 옷을 찾다가 구매하게 되었어요
수요일에 주문 넣으니 목요일 오전에 도착하더라구요
🫢🩷 엄청 빠른 배송 덕분에 무사히 면접 잘 보고 왔습니다 
너무 빳빳하지도 찰랑거리지도 않은 재질이라 면접용 옷 찾고 계신 분께 추천해요!!

🤍좋았던 점
-가격 대비 좋은 퀄리티
-빠른 배송과 세심한 포장 (옷걸이에 걸어주셔서 구김 없이 반듯하게 왔어요💕)
-편한 착용감과 소재 (팔 부분이 넉넉해서 편하고 너무 빳빳하지도 찰랑거리지도 않아서 마음에 들었어요💕)

🖤아쉬운 점
-약간의 식초 냄새 (세탁하면 괜찮아져요!)
-단추를 풀 때 실밥에 걸리는 게 몇 개 있음 (나머지 마감은 좋은 편)
-비침 현상 (심하진 않지만 아이보리 색상은 단독으로 입기 보단 레이어드 해서 입는 게 좋을 것 같아요🤍)",Free
vzhkLtN9,상위 15%,24.11.29,DarkMint(model) (오늘출발),Free,정사이즈예요,아주 만족해요,화면과 비슷해요,161.0,61.0,55.0,"다크민트 색상보고 '와,색깔 되게 오묘하다'라고 생각했어요.
이런 색상은 흔치 않거든요.
디자인은 아예 무지라 깔끔했고요.
베이지 색상 슬랙스랑 입을라고 구매했어요.
핏이 예쁘게 떨어지고 입었을때 길이는 엉덩이 반 덮네요.착용했을때 품이 넉넉해서 편했어요.
그렇다고 어벙벙하진 않아요.
무난하게 입을수 있는 블라우스 구매하게 되어서
좋았고 만족스러워요.",Free
vzhkLtN9,상위 15%,24.11.29,LightBlue(model) (오늘출발),Free,정사이즈예요,아주 만족해요,화면과 비슷해요,161.0,61.0,55.0,"스카이 블루 색상이고요.
개인적으로 같이 구매한 다크민트 색상보다 
더 만족한 색상입니다.
기본템으로 필수인 것 같아요.
착용했을때 편하고 엉덩이 반 덮어요.
휘뚜루마뚜루 어느 하의에 입어도 다 어울려요.",Free
졔유,상위 5%,24.10.30,Navy(model) (오늘출발),Free,정사이즈예요,보통이에요,화면과 비슷해요,162.0,44.0,44.0,"화이트 샀는데 맘에 들어서 네이비도 주문했어요
어쩌다 이런 불량이 걸렸는지.. ㅎ 
하지만 이미 세탁을 하고 착용해서 걍 정리해서 입으려고요.
보내기 전에 검수는 잘 해주시길..
하지만 또 살 것 같아요.",Free
so20da01,상위 5%,24.10.29,Ivory (오늘출발),Free,정사이즈예요,아주 만족해요,화면과 비슷해요,161.0,53.0,55.0,"옷걸이에 걸려서 배송 왔습니다!
기본템으로 입으려고 주문했는데 여름 빼고 다른 계절에 무난히 다 입을 수 있을 것 같아요
옷감이 꽤 탄탄한 것 같아서 마음에 듭니다
팔 길이는 제 기준 손을 반 정도 덮는데 짧지 않아서 좋았고 161 기준 딱 엉덩이 덮어주는데 너무 만족합니다
면접용으로도 이 옷 참 괜찮은 것 같아요
추천합니다!",Free
63zWTFkV,,24.12.02,Ivory (오늘출발),Free,정사이즈예요,아주 만족해요,화면과 비슷해요,163.0,57.0,55.0,"제가 생각한 딱 구김 잘 없고 촤르르 떨어지는 원단이에요ㅎㅎ 부드러워서 맨살에 입어도 괜찮아요! 여기에 뷔스티에 원피스 입고 결혼식장 잘 다녀왔습니다^-^

다만, 흰색이다보니 오염이 딱 눈에 보였어요. 크진 않아서 문의 드리진 않았는데 검수과정에서 오염 잘 확인해 주시면 좋겠습니다 :)",Free
sooo******,상위 10%,24.10.15,SkyBlue(model) (오늘출발),Free,정사이즈예요,아주 만족해요,화면과 비슷해요,166.0,53.0,55.0,"*배송: 주문하고 다음날이 공휴일이라 이틀 뒤 도착했습니다.

*상품: 옷걸이에 오염방지 비닐이 씌어져서 세탁소에서 옷을 보낸 줄 알았습니다!!
이 가격에 이렇게 포장해주시면 아주아주 감사해요

*제품: 접혀서 온 부분은 다림질로 먼저 핀 다음 세탁 후 바로 입었어요 구김이 덜 가는 소재라 출근준비가 바쁜 시간에도 다림질을 하거나 그럴 필요 없어서 시간단축되는 옷입니다
통이 조금 커서 박시한 느낌은 있지만 하의 안으로 집어 넣어 코디하면 좋습니다 

 색상은 조금 다크한 하늘색에 회색이 섞인색이라 회색 또는 베이지색 하의와 찰떡입니다. 화이트색상도 추가 구매할까 고민중이에요! 

 이 상품 매우 만족합니다!",Free
2scpDCfq,,24.09.09,SkyBlue(model),L,정사이즈예요,아주 만족해요,화면과 비슷해요,168.0,70.0,88.0,색깔도 생각한것과 비슷하고 가격대비 품질도 좋아서 만족해요! 살이 많이쪄서 큰 사이즈를 원했는데 딱 알맞아요. 재질이 딱 봄가을이고 겨울엔 안에 껴입으면 괜찮을 것 같아요. 잘 입을게요~,L
RYOTA,상위 5%,24.09.08,Navy(model) (오늘출발),L,정사이즈예요,아주 만족해요,화면과 비슷해요,166.0,,55.0,"와 셔츠하나도 예쁘게 다려서 옷걸이에 비닐까지 씌워서 깔끔하게 배송해주는 센스에 한 차례 놀라고 셔츠 퀄리티보고 두차례 놀랐습니다.
딱 링클프리 셔츠 구김이 잘 안가는 탄탄한 셔츠네요. 저는 딱 맞는 핏보다는 편한 핏으로 입고 싶어서 L 사이즈 주문했는데 엄청 크지 않아서 딱 입기 좋았어요. 단추도 잘 끼워지고 무엇보다 핏이 예쁘고 색상이 화면 그대로 여서 좋았어요!! 다음엔 다른 색으로 구매하려고요.
이 가격에 이 퀄은 너무 좋네요~",L
pXmlmDcg,,24.08.29,SkyBlue(model) (오늘출발),L,정사이즈예요,아주 만족해요,화면과 비슷해요,172.0,68.0,66.0,"아주만족해요
천이 찰랑 찰랑 해요
구김이 잘 안갈것같아 좋아요
검정색 바지나 치마에 입으면 잘어울릴것같아요
네이비사고 마음에 들어서 스카**러 재구매했어요
다른색들도 더 구매예정이예요",L
혜미,,24.08.28,Ivory (오늘출발),Free,생각보다 커요,아주 만족해요,화면과 비슷해요,168.0,49.0,55.0,"완전 찰랑 블라우스❎ 뻣뻣한 셔츠❎ 교복 느낌❎
일단 제가 직각 어깨인데 어깡되지 않아서 너무 좋습니다☺️💕 디자인이 아주 무난하고 어디에나 어울리는 부드러운 재질입니다🙂 핏이 너무 예뻐보여서 오피스룩으로 입으려고 샀는데 원단이 정말 깔끔해서 가을 면접용으로도 입기 좋겠어요! 많이 두껍지 않아 여름에도 입을만 하긴 한데 가을에 레이어드 해 입기 가장 좋아보여요~ 살짝 아쉬운 점은 컬러가 대체로 화려하다는 점..? 좀 더 무드있는 차분한 컬러도 나오면 좋겠어요!!🤍",Free
Ib8O1fTj,상위 25%,24.11.22,Ivory (오늘출발),Free,생각보다 커요,아주 만족해요,화면과 비슷해요,162.0,47.0,55.0,배송도 빠르고 정말 저렴하게 샀습니다. 단 한가지 아쉬운 점은 소매 기장이 너무 길어서 한단 접고 입어야 될 거 같습니다. 그부분만 개선이 된다면 괜찮을 거 같습니다. 감사합니다.,Free
FjfxKJCB,상위 10%,24.12.28,LightBeige(model) (오늘출발),Free,정사이즈예요,보통이에요,화면과 비슷해요,158.0,50.0,55.0,급하게 찍어서 사진이 너무 이상하지만 아뜨랑스는 언제 구매를해도 포장이 너무 깔끔해서 기분이 좋아요!! 색감도 화면 그대로 원하던 색상이고 급하게 필요했는데 빠른 배송으로 잘 입었어요!!,Free
융다닝,상위 5%,24.12.25,Black(model) (오늘출발),L,정사이즈예요,보통이에요,화면과 비슷해요,162.0,65.0,77.0,"직장에서 일할때 입을려구 구매했어요
크게 입고싶어서 일부러 사이즈는 L로 샀고 입어보니 완전 여유로우면서도 펀하네요
재질이랑 촉감도 좋고 무엇보다 데일리로도 입을수있어서 맘에 들어요",L
sKFcaul2,상위 10%,24.12.18,SkyBlue(model),Free,생각보다 커요,아주 만족해요,화면보다 어두워요,160.0,47.0,44.0,너무너무 만족해요. 옷걸이 걸어서 온 것도 감동인데 역시 아뜨랑스 셔츠는... 다림질 안해도 되는 링클프리에 핏 예쁘고 최고. 4개째 사고있는데 이 제품도 넘 좋네요 갈색도 사려고요!!!,Free
gVgVxXeO,,24.12.16,LightBlue(model) (오늘출발),Free,정사이즈예요,보통이에요,화면과 비슷해요,155.0,44.0,44.0,"기본셔츠 필요해서 막 입을 수 있는 저렴이 찾아다니다가 구매했는데 가성비 좋아요ㅎㅎㅎ
포장상태 너무 맘에 들었고 옷도 맘에 들어요
단독아니구 이너로 입을거라 딱입니당
하늘색과 회색 섞인 느낌인데 튀지않아서 좋네요",Free
ARRkg7BW,상위 1%,24.12.09,Navy(model) (오늘출발),L,정사이즈예요,아주 만족해요,화면과 비슷해요,160.0,64.0,66.0,재질도 부들거리고 하늘하늘해서 좋아요 ! 원래 가지고 있던 이너랑 입으려고 했는데 색이 안 어울려서 이너랑은 못 입었지만... 핏이 진짜 너무 맘에 들어서 계속 가지고 있다가 봄 가을에 입어보려고요 !!! 체격이 큰 편인데도 허리 선도 살짝 잡아주고 팔도 안 낑겨서 말라보여서 좋아요 ㅠㅠ 💙,L
B6JIBjvt,,24.11.29,Peach(model) (오늘출발),Free,정사이즈예요,아주 만족해요,화면과 비슷해요,168.0,55.0,55.0,"핑크가 너무 쨍하거나, 형광기 돌까봐 걱정했는데, 
약간 딸기우유에 매트함 더한 색상이에요!
팔도 긴편인데, 팔 길이도 넉넉해서 너무 예쁘게
입고 있어요~
분홍색 상의는 사고 싶은데 너무 튀고 싶지 않다 싶을때 추천합니다:) 결혼식 하객룩으로도 문제 없었어요~",Free
bjs5***,상위 15%,24.11.07,Brown(model),Free,정사이즈예요,보통이에요,화면과 비슷해요,161.0,60.0,66.0,"고급스러운 브라운다운된 컬러 입니다
사람들 평이 좋아서 잘 안 입는 색깔로 두 개를 사 봤는데 일단 보기에는 만족스럽습니다. 구 김 없이 예쁘게 겨울에 입으려구요. 만약 다 입어 보고도 좋으면 베이직한 색깔도 사야겠어요.",Free
거지요정,상위 5%,24.11.06,LightBlue(model) (오늘출발),Free,정사이즈예요,아주 만족해요,화면과 비슷해요,163.0,55.0,55.0,"이 가격에 이 퀄리티라니 제가 삼만원 주고 산 모 브랜드 셔츠보다 훨 낫군요... 일단 링클프리라 주름 안 가는 게 제일 좋고요ㅠㅠ 진심 위에 겉옷 좀 입었다고 행주 마냥 찌글짜글해지는 셔츠 너무 지겨움... 천도 보들보들하고 매끈하게 부드럽습니다 단독으로도 ㄱㅊ 레이어드도 ㄱㅊ ㅃㄹ 다른 색도 사러가야함

📍어깨 40센치여도 문제없는 예쁜 핏입니다
55 : 정사이즈~약간 오버핏
66 : 정사이즈",Free
TQ254gIx,상위 10%,24.11.04,LightBeige(model) (오늘출발),Free,정사이즈예요,아주 만족해요,화면과 비슷해요,164.0,60.0,66.0,되게 챠르르한 재질에 핏이 예쁜 옷 같아요!! 기장이 저에게는 조금 애매해서 빼 입으려면 단추 좀 열고 입거나 바지에 넣어 입을 것 같아요! 팔 기장은 적당하구 제가 팔살 부자인데 움직일 때 불편하거나 하지 않아서 좋아요-!!,Free
밥먹자만쥬야,탑리뷰어,24.10.20,Black(model) (오늘출발),Free,정사이즈예요,아주 만족해요,화면과 비슷해요,151.0,51.0,66.0,블라우스 생각보다 넉넉하고 짱짱하게 늘어나서 불편한건 없었습니다. 색감도 있는그대로 뽑힌거 같아서 만족합니다. 소매는 길어서 한번 접고 입는게 좋을거 같아요. 디자인도 심플하고 역시 깔별로 쟁겨놓길 잘한거 같습니다.,Free
밥먹자만쥬야,탑리뷰어,24.10.20,LightBeige(model) (오늘출발),Free,정사이즈예요,아주 만족해요,화면과 비슷해요,151.0,51.0,66.0,블라우스 생각보다 넉넉하고 짱짱하게 늘어나서 불편한건 없었습니다. 색감도 있는그대로 뽑힌거 같아서 만족합니다. 소매는 길어서 한번 접고 입는게 좋을거 같아요. 디자인도 심플하고 역시 깔별로 쟁겨놓길 잘한거 같습니다.,Free
밥먹자만쥬야,탑리뷰어,24.10.20,Brown(model) (오늘출발),Free,정사이즈예요,아주 만족해요,화면과 비슷해요,151.0,51.0,66.0,블라우스 생각보다 넉넉하고 짱짱하게 늘어나서 불편한건 없었습니다. 색감도 있는그대로 뽑힌거 같아서 만족합니다. 소매는 길어서 한번 접고 입는게 좋을거 같아요. 디자인도 심플하고 역시 깔별로 쟁겨놓길 잘한거 같습니다.,Free
YL6xrXWc,상위 5%,24.09.18,LightMint(model) (오늘출발),Free,정사이즈예요,아주 만족해요,화면과 비슷해요,158.0,60.0,66.0,"구김이 덜 가는 재질이라 제일 맘에들어요
다림질 하기 귀찮거든요 
진짜 데일리 아이템이에여 
피부에 닿는 느낌도 좋구요 
색도 이쁩니당! 
다른 색 더 사고 싶어짐",Free
2scpDCfq,,24.09.09,Brown(model) (오늘출발),L,정사이즈예요,아주 만족해요,화면과 비슷해요,168.0,70.0,88.0,"이 가격에 좋은 품질인것 같아요! 옷걸이에 걸어서 드라이클리닝 한 것처럼 왔네요. 사이즈 잘 맞아요.
나중에 필요하면 다른 색도 살게요!",L
jsGjkWoL,,24.09.06,Peach(model) (오늘출발),Free,정사이즈예요,아주 만족해요,화면과 비슷해요,155.0,48.0,55.0,색도 맘에 들고 링클프리라 더 좋은 것 같아요! 찰랑거리는게 시원해서 좋네요. 이 피치색때문에 샀는데 만족입니당! 약간 회끼도는 슬렉스에 입으면 좋을것 같아용,Free
sebi**,상위 15%,24.09.01,Navy(model) (오늘출발),Free,생각보다 커요,아주 만족해요,화면과 비슷해요,156.0,48.0,55.0,"셍각보다 오버핏이라서 더 예쁘네요!
네이비 컬러는 생각보다 화면이랑 색감 차이가 심한 경우가 많아서 걱정했는데 이 옷은 거의 비슷한 것 같아요!",Free
zck72TZn,상위 5%,25.01.08,Peach(model) (오늘출발),Free,정사이즈예요,아주 만족해요,화면과 비슷해요,,,,"역시 아뜨랑스 포장도 깔끔하고 옷걸이도 같이 왔어요!
소매가 살짝 길었지만 블라우스라서 괜찮았고 잘 안 구겨지고 소재도 좋아요~",Free
JTckFvrW,상위 1%,25.01.03,LightBlue(model) (오늘출발),Free,정사이즈예요,아주 만족해요,화면과 비슷해요,153.0,51.0,55.0,"실크 같은 부드러운 재질이라 너무 맘에 듭니다.
회사 출근룩으로 딱이네욥
무난하게 가디건이나 조끼에도 잘 어울릴 것 같아요~",Free
FZUam4n8,,24.03.28,LightBeige(model) (오늘출발),Free,정사이즈예요,보통이에요,화면과 비슷해요,162.0,51.0,55.0,"편하게 입을 수 있어서 만족했어요. 

상품평이 좋아서 엄청 기대를 했는데 
가격대비 훌륭한 셔츠라고 생각되네요. 

셔츠만 입으면 조금 심심해보여서 다른 제품들이랑 매치하면 더 좋을것 같아요.",Free
하리봉,상위 15%,24.10.28,Ivory (오늘출발),Free,정사이즈예요,보통이에요,화면과 비슷해요,160.0,67.0,77.0,"가슴둘레 100정도인 사람입니다

프리사이즈 시켰다가 가슴+팔뚝 터질꺼 같길래
L로 교환했더니 사이즈 여유롭구요 기장은 길어요
팔뚝도 여유롭고 ! 꽉 끼는 핏이 좋다면 프리사이즈
여유로운게 좋다면 L사이즈 구매하세요",Free
xRD9eeBk,상위 20%,24.10.06,SkyBlue(model) (오늘출발),Free,정사이즈예요,아주 만족해요,화면보다 어두워요,158.0,52.0,55.0,"색은 지금 사진보다는 차분하지만 사이트에 올라온 것 보다는 좀 더 진한 느낌이에요.
그리고 어깨도 너무 넓지 않고, 소매도 큰 편이라 자켓 걸지고 끝부분 나오기 딱 좋은 것 같아요
만원대인데 마감도 괜찮고, 질도 괜찮아서 나름 가성비있게 잘 산 것 같아요",Free
ygy4Zr3m,상위 25%,24.10.04,Ivory (오늘출발),Free,정사이즈예요,아주 만족해요,화면과 비슷해요,162.0,60.0,66.0,소재가 스판이 있어서 너무 편하고 몸에 촥 감기는 느낌이에요. 제가 66인데 여유있게 이쁘게 맞아요. 물론 저렴한 만큼 단추 입구나 이런부분 박음질에 어설픔은 있지만 실밥 정리는 해주면될거 같네요 :),Free
6M70sFCi,,24.10.01,Brown(model) (오늘출발),L,생각보다 커요,아주 만족해요,화면과 비슷해요,163.0,66.0,55.0,브라운 계열 블라우스를 구매한 건 처음인데 생각보다 잘 어울려서 마음에 듭니다! 생각보다 어두운 편인데 가을에 입기 딱 좋은 블라우스인 거 같아요! 9월 하객룩으로 슬랙스랑 입어도 괜찮을 거 같아요!,L
pzmIZKqJ,,24.09.30,Ivory (오늘출발),Free,정사이즈예요,보통이에요,화면과 비슷해요,163.0,50.0,44.0,"워낙 베이직한 링클프리 블라우스라
고민없이 구매했고
무난하게 잘 맞습니다!! 
색상도 차분하니 기본템으루 깔별 쟁여놓기 아주 좋아요!! 
옷걸이에 걸려온게 좀 감동포인트였어요ㅠㅠ
재구매 의사 있습니다 :)!",Free
PoEBM7KW,,24.09.28,LightBlue(model) (오늘출발),Free,정사이즈예요,아주 만족해요,화면과 비슷해요,163.0,56.0,55.0,"추천 받아서 사봤는데 퀄리티 괜찮네요~
피부에 닿는 느낌도 거슬리거나 하지 않아서 더 좋습니다
색감 상세샷이랑 크게 다르지 않아요!!",Free
졔유,상위 5%,24.09.28,Ivory (오늘출발),Free,정사이즈예요,보통이에요,화면과 비슷해요,162.0,44.0,44.0,"사자마자 세탁 중….이네요 ㅎ
소재는 후들후들과 빳빳 그 사이 어딘가… 확실히 링클프리재질
아직은 살짝 더운감이 있는 것 같아서 잘 세탁해 놓으려구요
특히 카라가 힘이 있어 좋아요. 
44인 저에게는 루즈핏인데 맘에 들어서 슬랙스랑 롤업해서 입을거에요! 스카이블루 사러 갑니다요",Free
lNDYHqvH,,24.09.25,LightBeige(model),Free,정사이즈예요,아주 만족해요,화면과 비슷해요,175.0,60.0,55.0,"여름용 셔츠 구매해서 휘뚜루마뚜루로 엄청 입다가 점점 추워지면서 긴팔 셔츠 필요해서 구매했는데 이것도 잘 입고 다닐 것같아용 ~~^^ 다른 색상도 구매하고 싶어요 
가격도 넘 착해서 좋고 진짜 가성비 좋고 무엇보다 입을거 없을때 고민없이 입기 좋은 기본 디자인이라서 자주 입을것같아요😀😀",Free
HQZVHTqn,상위 10%,24.08.23,LightBlue(model) (오늘출발),Free,정사이즈예요,아주 만족해요,화면과 비슷해요,165.0,56.0,55.0,어제 밤 9시 넘어서 주문했는데 오늘 오후 3시에 도착했어요.. 엄청 빨리와서 내일 바로 입을 수 있을 것 같아요! 상자포장에 딴딴한 옷걸이까지 와서 너무 좋네요 셔츠도 루즈핏으로 딱 좋아요 출근용으로 자주 입을 예정입니당,Free
c6uHBJJ7,상위 15%,24.08.16,Navy(model),Free,생각보다 커요,아주 만족해요,화면과 비슷해요,160.0,52.0,55.0,생각했던거보다 가격에 비해 퀄리티가 좋아서 맘에듭니다. 색상도 맘에들고 재질도 엄청 좋아요. 여름용 셔츠로 입어도 되고 봄가을에는 단독으로 입기 좋을 것같네요. 소매가 살짝 긴 편입니다.,Free
c6uHBJJ7,상위 15%,24.08.16,LightMint(model) (오늘출발),Free,생각보다 커요,아주 만족해요,화면과 비슷해요,160.0,52.0,55.0,생각했던거보다 가격에 비해 퀄리티가 좋아서 맘에듭니다. 색상도 맘에들고 재질도 엄청 좋아요. 여름용 셔츠로 입어도 되고 봄가을에는 단독으로 입기 좋을 것같네요. 소매가 살짝 긴 편입니다.,Free
SINiVAE3,,24.05.20,LightBlue(model) (오늘출발),Free,생각보다 커요,아주 만족해요,화면과 비슷해요,153.0,48.0,55.0,색깔도 화면이랑 비슷하고 재질도 꺼끌꺼끌 하지 않고 두껍지 않아서 제일 좋았어요 ! 찰랑찰랑란 재질이라 이너용으로 입어도 너무 예쁘답니다~,Free
FvHMNCaE,상위 5%,24.05.19,DarkMint(model),Free,생각보다 커요,보통이에요,화면과 비슷해요,155.0,47.0,44.0,재질이 빳빳한 재질이 아니라 빳빳하면서 부드러운 재질이고 색깔은 화면이랑 비슷합니다. 근데 길이가 생각보다 길어서 아쉽네요! 이쁩니다~~~~ 잘 코디할 것 같아요.,Free
FvHMNCaE,상위 5%,24.05.19,LightBeige(model) (오늘출발),Free,생각보다 커요,아주 만족해요,화면과 비슷해요,155.0,47.0,44.0,재질이 빳빳한 재질이 아니라 빳빳하면서 부드러운 재질이고 색깔은 화면이랑 비슷합니다. 근데 길이가 생각보다 길어서 아쉽네요! 이쁩니다~~~~ 잘 코디할 것 같아요.,Free
I7qAHkLb,,24.04.19,LightBeige(model) (오늘출발),Free,정사이즈예요,아주 만족해요,화면과 비슷해요,162.0,58.0,55.0,"라이트베이지는 어느 색상과 매치해도 자연스러워서 잘 입고있습니다! 너무 블라우스같지도 너무 옥스포드 셔츠같지도 않아서 스커트나 진 어디에나 어울리는, 말그대로 완전 기본적인 형태와 느낌의 셔츠라 색상별로 욕심이 나네요ㅎㅎ",Free
초코,상위 20%,24.04.12,Ivory,Free,정사이즈예요,아주 만족해요,화면과 비슷해요,166.0,53.0,55.0,"부들부들한 재질인데 생각보다 두꺼운느낌이에요 
더운 여름만 아니면 사계절 다 입을수 있을것 같아요
그리고 포장이 너무 잘 되서와서 좋았어요",Free
융다닝,상위 5%,24.12.25,Brown(model) (오늘출발),L,정사이즈예요,보통이에요,화면과 비슷해요,162.0,65.0,77.0,"직장에서 일할때 입을려구 구매했어요
크게 입고싶어서 일부러 사이즈는 L로 샀고 입어보니 완전 여유로우면서도 펀하네요
재질이랑 촉감도 좋고 무엇보다 데일리로도 입을수있어서 맘에 들어요",L
융다닝,상위 5%,24.12.25,DeepPink(model) (오늘출발),L,정사이즈예요,보통이에요,화면과 비슷해요,162.0,65.0,77.0,"직장에서 일할때 입을려구 구매했어요
크게 입고싶어서 일부러 사이즈는 L로 샀고 입어보니 완전 여유로우면서도 펀하네요
재질이랑 촉감도 좋고 무엇보다 데일리로도 입을수있어서 맘에 들어요",L
zcRGvfsb,상위 5%,24.12.20,Ivory,Free,정사이즈예요,아주 만족해요,화면과 비슷해요,161.0,47.0,55.0,"뻣뻣하지 않고 부들부들 찰랑찰랑한 재질이라 여기저기 막 받쳐입기 좋음. 너무 오버핏도 아니고 그렇다고 엄청 슬림핏도 아닌 딱 프리사이즈 적당한 핏임
161기준 엉덩이 가리는 길이임",Free
a2KxcEZ2,상위 15%,24.12.14,Ivory (오늘출발),Free,생각보다 커요,보통이에요,화면과 비슷해요,,,,주름 확실히 안지는 편이고 품이 좀 크긴 하지만 괜찮습니다. 원단이 너무 두껍지도 얇지도 않고 딱 적당해서 봄 가을 겨울 모두 입기 좋아요.,Free
dbsw****,상위 15%,24.12.04,Ivory,Free,생각보다 커요,아주 만족해요,화면과 비슷해요,157.0,61.0,55.0,"소매부분이 저한테는 긴편이긴 했는데 재질도 부드럽고 디자인도 제가 찾던 딱 기본스타일이라 자주 입을것같아요
배송도 옷걸이에 와서 깔끔해요",Free
r28aaYIh,상위 25%,24.12.03,Wine(model) (오늘출발),Free,정사이즈예요,아주 만족해요,화면과 비슷해요,163.0,58.0,55.0,딱 제가 원하던 버건디색상이에요!! 좀 레드에 가까운?? 핏도 살짝 널널한 정핏이라 참 좋습니당~~! 구김 잘 안가는 소재고 피부에 착착 감겨요🩷,Free
8icgmQZ8,,24.11.27,Ivory,Free,정사이즈예요,아주 만족해요,화면과 비슷해요,162.0,54.0,55.0,구김이 안 가는 재질로 후들후들해서 만족합니다. 저처럼 이런 스타일을 원하시는 분들은 구매 추천드려요! 하지만 처음에는 아주 조금 냄새가 나긴 합니다.,Free
ZN0W4o5W,상위 20%,24.11.24,Ivory (오늘출발),Free,생각보다 커요,아주 만족해요,화면과 비슷해요,153.0,47.0,55.0,"기장은 조금 길어요!
그치만 제가 키가 작은 거라 어쩔 수 없다고 생각해요.
셔츠형식으로 깔끔하니 좋아요!!
가격대비 질이 좋습니다!",Free
bjs5***,상위 15%,24.11.07,Wine(model) (오늘출발),Free,정사이즈예요,보통이에요,화면과 비슷해요,161.0,60.0,66.0,"와인색 보다는 빨간색이 좀 더 가깝습니다. 하지만 차례를 한 원단이 맘에 듭니다. 

깔끔하게 포장이 되어서 배송되요. 받았을 때 기분이 참 좋았어요",Free
qKPz8Qhw,상위 30%,24.10.29,LightBlue(model) (오늘출발),Free,정사이즈예요,아주 만족해요,화면과 비슷해요,160.0,51.0,44.0,"사진보다 맑고 연해요
길이는 너무 길지 않고 얇아서 넣어어도 예쁘고
반바지랑도 잘 어울려요
무엇보다 링클프리 느낌이라 흰색 구매 후 재구매입니다 
여리여리한 느낌이예요 굿",Free
8yGnowBT,,24.10.19,Ivory (오늘출발),Free,정사이즈예요,아주 만족해요,화면과 비슷해요,167.0,54.0,55.0,"재질 너무 마음에 들고 예뻐요!
구김도 잘 안 생길 거 같아요~
비즈니스 룩으로 딱이고 하늘색이랑 차콜 치마 조합이 너무 예쁘네요 :)",Free
YL6xrXWc,상위 5%,24.09.19,LightBeige(model) (오늘출발),Free,정사이즈예요,아주 만족해요,화면과 비슷해요,158.0,60.0,66.0,"이뻐요 진짜 구김 덜가구
몸에 닿는 느낌도 편해요 ㅋㅋ 
정말 맘에 듭니당 
시원해요 편하게 입기 너무 좋은 데 또 무드도 있네용",Free
udpppMoD,,24.09.08,LightBeige(model) (오늘출발),L,정사이즈예요,보통이에요,화면과 비슷해요,172.0,60.0,55.0,사이즈 딱이예요 제가 살이 좀 쪄서 다이어트 후에 입으면 핏이 더 이쁠꺼 같아요 이쁘게 잘 입을께요 ~~ 얼른 더운 여름이 끝나고 가을이 오면 좋겠너ㅣ요,L
udpppMoD,,24.09.08,Navy(model) (오늘출발),L,정사이즈예요,보통이에요,화면과 비슷해요,172.0,60.0,55.0,사이즈 딱이예요 제가 살이 좀 쪄서 다이어트 후에 입으면 핏이 더 이쁠꺼 같아요 이쁘게 잘 입을께요 ~~ 얼른 더운 여름이 끝나고 가을이 오면 좋겠너ㅣ요,L
hvBI3CNe,상위 20%,24.06.30,LightMint(model) (오늘출발),Free,정사이즈예요,아주 만족해요,화면과 비슷해요,167.0,64.0,66.0,"여기서 산 셔츠가 너무 맘에 들어서 연두색으로 하나더 구매했습니다! 너무 만족하는 이유가 일단 링클프리 덕분에 바쁜 아침에 입고 나가기 너무 좋아요! 얇은 소재라서 초여름까지 잘 입고 있습니다!!! 색감도 너무 예쁘고
새탁해도 색감이 그대로라서 더 만족합니다!",Free
78LzYD8N,,24.05.29,LightBlue(model) (오늘출발),Free,생각보다 커요,아주 만족해요,화면과 비슷해요,163.0,50.0,55.0,"아뜨랑스라는 쇼핑몰 모르다가 출근룩 사려고 할인해서 우연히 구매해봤는데 .. 오랜만에 옷에 진심 인 쇼핑몰 찾았어요!! 배송도 빠르고 정성스럽게 포장돼서 오니까 기분도 좋고 사진보다 실물 색감이 더 예쁘고 핏도 예쁩니다! 믿고 다른 상품도 사고싶어졌어요 ,, 감사합니다 ,,",Free
78LzYD8N,,24.05.29,Ivory (오늘출발),Free,생각보다 커요,아주 만족해요,화면과 비슷해요,163.0,50.0,55.0,"아뜨랑스라는 쇼핑몰 모르다가 출근룩 사려고 할인해서 우연히 구매해봤는데 .. 오랜만에 옷에 진심 인 쇼핑몰 찾았어요!! 배송도 빠르고 정성스럽게 포장돼서 오니까 기분도 좋고 사진보다 실물 색감이 더 예쁘고 핏도 예쁩니다! 믿고 다른 상품도 사고싶어졌어요 ,, 감사합니다 ,,",Free
UE1Rkg42,,24.05.19,LightPink(model) (오늘출발),Free,정사이즈예요,별로예요,화면보다 어두워요,166.0,57.0,55.0,단추구멍과 단추 마감 실이 저렇게 돼 있어요. 학생이면 모르겠는데 직장인은 사지 마세요. 회사에 입고 가긴 좀 그렇습니다. 실물 색상은 물탄 핑크가 아닌 생각보다 진한 색감인데 사진으로 찍으니 제가 원했던 색이 나오네요ㅎ,Free
WgqIEnG9,상위 15%,24.05.11,Navy(model) (오늘출발),L,정사이즈예요,아주 만족해요,화면과 비슷해요,162.0,72.0,77.0,딱 네이비 색상입니다. 배송 퀄리티가 너무 좋네요ㅎㅎㅎ 기장이 확실히 길기는 해요. 덩치랑 팔뚝살이 좀 있는 편이라 오버핏은 안되지만 어깨에 아주 딱 맞아요. 애매하게 큰 것보다는 딱 맞아서 좋아요 😀,L
k42oeq8P,,24.04.22,LightPink(model) (오늘출발),L,정사이즈예요,아주 만족해요,화면과 비슷해요,170.0,65.0,66.0,구김적은 옷으로 가방에 넣고 갈아입을때 좋구요. 약간의 스판으로 손들어올리고 내리고 할때 불편한거 없어요. 어깨가 넓은편이라 라지로 했는데 부해보이지도 않고 촤라락 떨어지는게 너무 예뻐요.,L
c8**,,24.04.14,Black(model) (오늘출발),Free,정사이즈예요,아주 만족해요,화면과 비슷해요,161.0,56.0,66.0,블랙셔츠가 툭 걸쳐입기 멋스럽고 소재도 괜찮고 핏도 원하던 정핏이라 어깨 넓은 저에게는 부해보이지 않아 좋아요. 벌써 네이비.소라. 핑크 블랙 4개째 구매했는데 블랙만 어깨선 봉재가 약간 어색해서 별하나 뺐어요,Free
NDB9BZWA,상위 10%,24.04.11,LightBlue(model),Free,정사이즈예요,아주 만족해요,화면과 비슷해요,163.0,53.0,55.0,"색감이 아주 예뻐요. 링클 프리 셔츠는 잘못하면 저렴한 티가 나서 걱정하면서 시켰는데, 카라 부분도 예쁘고(저렴한 링클 프리 셔츠는 카라 부분에서 티나더라구요) 주름도 안 지고 찰랑거리는 소재여서 넣어입기 좋아요! 밝은 색상이지만 검정 속옷도 비치지 않아서 만족이예요! 가성비 훌륭해서 다른 색상도 주문할까 고민중이예요.",Free
iRpf17uA,,24.04.02,Ivory (오늘출발),Free,정사이즈예요,아주 만족해요,화면과 비슷해요,166.0,53.0,55.0,적당한 광택감에 소재도 좋고 구김도 없어 너무 좋아요ㅎㅎ 기본템으로 두루두루 잘 입을 수 있을 것 같아요! 결혼식 있어서 구매했는데 출근룩으로도 좋을 것 같습니다!!,Free
솔직하게말하면,상위 25%,24.03.30,Ivory (오늘출발),Free,정사이즈예요,보통이에요,화면과 비슷해요,153.0,45.0,44.0,아뜨랑스 역시 깔끔해서 좋아요. 일반적인 링클프리 원단에 약간의 면 같은 느낌이 섞인 기분이에요. 카라 부분에 박음질 디테일이 있는데 재질도 면 느낌이 나다보니 살짝 애매하긴 한 것 같아요,Free
솔직하게말하면,상위 25%,24.03.30,LightBeige(model) (오늘출발),Free,정사이즈예요,보통이에요,화면과 비슷해요,153.0,45.0,44.0,아뜨랑스 역시 배송 깔끔해서 좋아요. 일반적인 링클프리 원단에 약간의 면 같은 느낌이 섞인 기분이에요. 카라 부분에 박음질 디테일이 있는데 재질도 면 느낌이 나다보니 살짝 애매하긴 한 것 같아요,Free
YEPYdDDF,,24.03.28,LightBlue(model) (오늘출발),Free,정사이즈예요,아주 만족해요,화면과 비슷해요,165.0,54.0,66.0,"같은 상품 네이비색 있는데, 여러 무드로 휘뚜루마뚜루 잘 입어서 하늘색으로 하나 더 샀습니다. 올 봄 내내 교복 처럼 입을 예정입니다. 이 가격에 이 정도 퀄 블라우스 최곱니다. 출근룩으로도 마실용으로도 최고!!",Free
XvKCt76A,상위 20%,24.12.15,Ivory (오늘출발),Free,정사이즈예요,보통이에요,화면과 비슷해요,,,,"완전화이트 셔츠가 필요해서 구매했어요
지금날씨 단독으로입기는 춥고 레이어드로 가능할듯요
얇은 와이셔츠 생각하시고 카라는 뻣뻣한 편이라 호불호있어요",Free
bpVnIngG,상위 20%,24.11.18,LightMint(model) (오늘출발),Free,정사이즈예요,아주 만족해요,화면과 비슷해요,157.0,42.0,44.0,쿨톤인데 색 많이 안 쨍하고 예뻐요!! 면접 셔츠와 데일리로도 좋습니다. 청바지에도 잘어울리고 베이지 슬랙스와도 너무 잘 어울립니다!,Free
funn****,,24.11.14,Ivory (오늘출발),Free,정사이즈예요,아주 만족해요,화면과 비슷해요,162.0,50.0,,"진짜ㅠㅜ배송도 엄청 빠르고 이쁘구ㅠㅠ
면접 봐야하는데 적당한 블라우스가 없는거예요....! 급하게 주문했는데 진짜 금방오구 너무너무 이뻐요
이거 입고 갈려구요!!",Free
6dDxYJ4r,,24.11.11,Ivory (오늘출발),Free,정사이즈예요,보통이에요,화면과 비슷해요,156.0,52.0,44.0,딱 깔끔한 화이트톤이에요 소재도 엄청 저렴해보이거나 하지 않고 좋네요 더 입어봐야 알겠지만 나쁘지 않으면 셔츠 정착하려고 합니다ㅎㅎㅎ,Free
졔유,상위 5%,24.10.30,Ivory (오늘출발),Free,생각보다 커요,아주 만족해요,화면과 비슷해요,162.0,44.0,44.0,살짝 루즈핏이에요. 어깨가 좁아서 오버핏은 진짜 거렁뱅이 느낌인데. 이건 아주 맘에 들어요!! 봄가을에 뽕뽑고 있어서 할인할 때 또 주문합니다ㅋㅋ 청순청순해욤,Free
slfl***,,24.10.13,LightBlue(model) (오늘출발),Free,정사이즈예요,아주 만족해요,화면과 비슷해요,170.0,58.0,44.0,일단 옷을 박스+옷걸이에 넣어서 보내주시는 섬세함 너무 좋아요 :) 그리고 세탁망에 넣어거 대충 세탁기 돌렸는데도 주름 하나 없는 찰랑 거리는소재 짱입니다,Free
oL9EFJLH,상위 25%,24.10.11,DarkMint(model) (오늘출발),Free,정사이즈예요,아주 만족해요,화면과 비슷해요,175.0,59.0,66.0,키 175라 조금 짧지 않을까 걱정했는데 정사이즈라 만족합니다! 촉감이 보드라워서 피부가 따갑지 않고 베이직한 디자인이라 자주 입을 것 같아요,Free
JcDxTw6J,,24.10.08,Navy(model) (오늘출발),L,정사이즈예요,아주 만족해요,화면과 비슷해요,163.0,65.0,,"통통한편이라 라지로시켰는데 좀 크지만 널널하고 너무 편해요 재질이 실크처럼 부드럽고 좋습니다. 기장은 길어서 163기준 엉덩이덮어요 색도 예쁘구
만족합니다 아주",L
QsgRgmtk,상위 20%,24.10.07,Ivory (오늘출발),Free,정사이즈예요,아주 만족해요,화면과 비슷해요,156.0,53.0,55.0,소재는 차르르한데 너무 블라우스 같지는 않아서 딱 좋아요! 일단 주름 많이 안지는 소재라서 좋습니다ㅎㅎ 품도 딱맞지는 않지만 그래도 오버핏 정도는 아니라서 니트 안에 입기 딱이에요!,Free
빵슌v,,24.10.07,Ivory (오늘출발),Free,정사이즈예요,보통이에요,화면과 비슷해요,155.0,,,어깨라인도 맞고 팔통도 예쁘게 핏 되어 있는데 소매끝이 생각보다 빳빳하고 재질도 쪼끔 애매해요 실키한편은 아니고 그렇다고 까슬한편도 아닌데 가격에 비하면 만족합니다!,Free
pXmlmDcg,,24.10.03,Brown(model) (오늘출발),L,정사이즈예요,보통이에요,화면과 비슷해요,172.0,68.0,66.0,"아주편하고 가을분위기나요
검정색 네이비색 사고 마음에 들어서 샀는데 기지가 좀 달라요
지난번것이 더낳은데 반품할까 생각하다가 저렴하고 퀄리티 괜찮아서 입으려구요",L
졔유,상위 5%,24.09.30,LightBlue(model) (오늘출발),Free,정사이즈예요,보통이에요,화면과 비슷해요,162.0,44.0,44.0,"쨍한 색이 아니라 회끼 살짝 돌아요.
구래서 가을까지도 입을 수 있는 듯요. 
44인 저에게는 살짝 루즈핏. 하지만 롤업해서 입으면 이쁘죵 ㅋ",Free
a8U17djW,상위 25%,24.09.29,LightBlue(model) (오늘출발),Free,정사이즈예요,보통이에요,화면과 비슷해요,161.0,50.0,55.0,자세히보면박음질같은게 좀 싼티가 나요 ㅜㅠ색상은 광이좀도는 회끼엄청도는 하능색?? 저렴해서 가래도 구맿봣습니다 웜톤분들도 긍데 잘 얼울리긴할듯,Free
XfhR7Ino,,24.09.22,Ivory (오늘출발),Free,생각보다 커요,아주 만족해요,화면과 비슷해요,164.0,53.0,55.0,재질 확인용으로 첨부해서 올립니다! 후들후들한 재질이라 주름도 안지고 가을에 입기 딱 좋아요 대신 겨울엔 좀 추울듯합니다 깔별로 쟁였습니다,Free
THJj7GCP,,24.09.22,DarkMint(model),Free,정사이즈예요,보통이에요,화면과 비슷해요,158.0,48.0,55.0,"사진이 좀 밝게 나왔는데 이 색상이 요물이에요
고급친 초록이라 꾸며입기에도 좋을 것 같아요
재질도 좋아보이는데 약간 구김이 있네요
스팀 열심히 해서 입어볼게요",Free
upzQPuue,,24.09.14,LightBlue(model) (오늘출발),Free,정사이즈예요,아주 만족해요,화면과 비슷해요,162.0,60.0,66.0,제 사진과는 다르게 약간 차분하면서도 예쁜 하늘색이에요ㅜㅜ 받자마자 색감이 너무 예뻐 마음에 쏙 들었습니다! 재질도 딱 좋고 너무 잘 입을 것 같아요,Free
upzQPuue,,24.09.14,Ivory (오늘출발),Free,정사이즈예요,아주 만족해요,화면과 비슷해요,162.0,60.0,66.0,"자취방에 다리미가 없어 찰랑한 재질의 기본 셔츠를 구매하고 싶었는데, 언뜻 보면 잘 못찾겠더라고요. 손품팔다 발견했는데 리뷰가 좋아 믿고 구매했어요! 마음에 들어요",Free
V43I0TT0,상위 20%,24.09.13,LightBlue(model) (오늘출발),Free,정사이즈예요,아주 만족해요,화면과 비슷해요,160.0,50.0,44.0,깃이 제법 높이 올라오네요 목짧은타입이라 그부분이 조금 거슬려요ㅠ 부드럽고 소재는 제법 좋은듯합니다 마감도 전반적으로 깔끔하네요 색감도 고급스럽습니다,Free
pFEBLLo1,상위 20%,24.08.01,Ivory (오늘출발),Free,정사이즈예요,아주 만족해요,화면과 비슷해요,165.0,56.0,55.0,갑자기 일하게 돼서 급하게 블라우스 샀는데 재질이 너무 좋네요!! 실내는 추워서 항상 긴팔 입는데 감기 걸릴 걱정도 없어요 ㅎㅎ 다음에 다른 색 재구매할게요~,Free
3tPB3FmR,,24.04.19,LightBlue(model) (오늘출발),Free,정사이즈예요,아주 만족해요,화면과 비슷해요,160.0,54.0,66.0,하늘하늘한 색상 아주 마음에 들어요. 실밥 정리가 안되어 있는게 아쉽지만 이 가격에 이 재질 이 색감 나오기 어려우니 다음에 다른 색깔 사러 올게요!,Free
구마구마,,24.04.03,LightPink(model) (오늘출발),Free,정사이즈예요,보통이에요,화면과 비슷해요,155.0,56.0,66.0,출근룩으로 딱이네요 봄되니까 좀 밝은옷 입고싶어서 샀는데 색깔도 괜찮아요 사진보다는 조금 밝습니당 그래듀 만족해요 사이즈도 적당함,Free
NbVIfEDA,,25.01.13,Ivory,L,생각보다 커요,아주 만족해요,화면과 비슷해요,170.0,66.0,77.0,키도 크고 어깨 넓은 스탈인데 사이즈 딱 좋아요~! 단추구멍의 실밥이 좀 걸려서 정리해야 되지만 가격대비 훌륭한 편입니다~!,L
BuHQDEpp,상위 5%,25.01.11,Ivory,L,정사이즈예요,아주 만족해요,화면과 비슷해요,,,,흰색은 살짝 비쳐서 안에 나시 입고 입어야 돼용! 간지러운 것도 없고 사이즈도 넉넉해서 평소에 입기 좋아요! 출근할 때도 입어요ㅎㅎ,L
X2n2Kesg,상위 10%,25.01.08,Wine(model) (오늘출발),Free,정사이즈예요,아주 만족해요,화면과 비슷해요,155.0,49.0,55.0,"사이즈도 맞고
색상이 밝게 잘 나와서 만족합니다
원단재질도 좋아서 편하게 입을거 같애요
입어보고 편하면
재구매 의사가 있습니다",Free
I47SKPG6,상위 1%,25.01.05,LightMint(model),Free,정사이즈예요,보통이에요,화면과 비슷해요,161.0,62.0,66.0,"색도 예쁘고 괜찮아요
생각보단 얇아서 겨울엔 히트텍 입고 입으려고요
구김 안 가는 사부작사부작대는 재질이에요.
잘 입겠습니다",Free
Osn9ir9i,상위 20%,24.12.05,Black(model) (오늘출발),Free,정사이즈예요,아주 만족해요,화면과 비슷해요,160.0,48.0,44.0,"가격대비 퀄리티는 기대 이상입니다
비침은 당연히 없고요
봄에서 가을까지 가능할 것 같습니다
재구매 의사 당연히 있습니다",Free
Osn9ir9i,상위 20%,24.12.05,LightBeige(model) (오늘출발),Free,정사이즈예요,아주 만족해요,화면과 비슷해요,160.0,48.0,44.0,"프리사이즈로 구매했습니다
가격과 동일한 가성비 좋은 퀄리티입니다
회사에서 입기 좋아요
비침은 잘 되지 않는 소재입니다",Free
94E9d4ks,,24.12.02,Ivory (오늘출발),Free,생각보다 커요,보통이에요,화면과 비슷해요,,,,"부드러운 소재이고 구김이 없어서 따로 다림질 안해도 되서 너무 편해요! 잘입고 다닐것 같아요
색상도 화면이랑 똑같아요!",Free
RdQNR6pe,상위 15%,24.11.26,Black(model) (오늘출발),Free,정사이즈예요,보통이에요,화면과 비슷해요,171.0,50.0,55.0,딱 정핏이에요! 구김도 잘 안 가고 카라 크기도 적당하고 두께도 후들후들하니 좋아서 출근할 때 자주 입어요 가성비 최고입니당,Free
8tBeb0j7,,24.11.13,LightBlue(model) (오늘출발),Free,정사이즈예요,아주 만족해요,화면과 비슷해요,165.0,70.0,66.0,"색감은 옅은 파란색이고 주름별로없이 옷걸이에 걸려서 와요. 급한 면접이었는데 잘 입었어요! 저렴하고 재질, 핏 다 만족했어요",Free
XREXPgG3,상위 30%,24.10.31,Ivory (오늘출발),Free,정사이즈예요,보통이에요,화면과 비슷해요,171.0,56.0,55.0,단추가 전체적으로 탄탄해서 좋습니다!! 그리고 비침도 생각보다 적어서 좋아요! 하얀색 말고 다른 색상으로 구매의사 있습니다,Free
8yGnowBT,,24.10.19,SkyBlue(model) (오늘출발),Free,정사이즈예요,아주 만족해요,화면과 비슷해요,167.0,54.0,55.0,"재질 너무 마음에 들고 예뻐요!
구김도 잘 안 생길 거 같아요~
비즈니스 룩으로 딱이고 깔끔해 보이고 너무 예쁘네요 :)!",Free
yseo******,,24.04.24,Black(model),Free,생각보다 커요,아주 만족해요,화면보다 어두워요,163.0,49.0,44.0,"생각보다 탄탄하고 부드러운 재질이라서 놀랐어요! 겉옷 겸 이너 셔츠로 입으려고 샀는데 재질도 생각보다 도톰, 탄탄해서 지금 시즌 잠깐 입다가 돌어오는 가을부터 또 계속 입을 것 같아요! 재질 진짜 맘에 듭니당",Free
rQ2c0Hfp,상위 30%,24.11.30,Peach(model) (오늘출발),Free,정사이즈예요,보통이에요,화면과 비슷해요,168.0,52.0,55.0,"저번에 구매하고 이번에 다른 색으로 더 구매해요ㅎㅎ
출근룩으로 입기 너무 좋고 예뻐요!
색감이 잘 안 담기는데 톤다운된 색이라 손이 자주가요ㅎㅎ",Free
rQ2c0Hfp,상위 30%,24.11.30,SkyBlue(model),Free,정사이즈예요,보통이에요,화면과 비슷해요,168.0,52.0,55.0,"저번에 구매하고 이번에 다른 색으로 더 구매해요ㅎㅎ
출근룩으로 입기 너무 좋고 예뻐요!
색감이 잘 안 담기는데 톤다운된 색이라 손이 자주가요ㅎㅎ",Free
rQ2c0Hfp,상위 30%,24.11.23,Black(model) (오늘출발),Free,정사이즈예요,보통이에요,화면과 비슷해요,168.0,52.0,55.0,"오피스룩으로 구매했습니다~!
핏도 오버핏이 아니어서 더 만족스러워요👍👍
앞으로 잘 입고 다닐 것 같네요ㅎㅎㅎ
색상도 많아서 입어보고 괜찮으면 더 구매하려구요",Free
ffox***,상위 10%,24.10.12,Ivory (오늘출발),Free,정사이즈예요,아주 만족해요,화면과 비슷해요,159.0,55.0,66.0,"3벌이나 샀는데 잘 입고있어요!
한여름에 입기엔 더운 소재고, 봄이나 지금같은 가을 날씨에 입기 딱 좋아요~~
한치수 크게 사서 넉넉하게 입어도 이쁘네요 ㅎㅎ",Free
ffox***,상위 10%,24.10.12,DeepBeige(model) (오늘출발),Free,정사이즈예요,아주 만족해요,화면과 비슷해요,159.0,55.0,66.0,"3벌이나 샀는데 잘 입고있어요!
한여름에 입기엔 더운 소재고, 봄이나 지금같은 가을 날씨에 입기 딱 좋아요~~
한치수 크게 사서 넉넉하게 입어도 이쁘네요 ㅎㅎ",Free
ffox***,상위 10%,24.10.12,LightBlue(model) (오늘출발),L,정사이즈예요,아주 만족해요,화면과 비슷해요,159.0,55.0,66.0,"3벌이나 샀는데 잘 입고있어요!
한여름에 입기엔 더운 소재고, 봄이나 지금같은 가을 날씨에 입기 딱 좋아요~~
한치수 크게 사서 넉넉하게 입어도 이쁘네요 ㅎㅎ",L
oL9EFJLH,상위 25%,24.10.11,DeepBeige(model) (오늘출발),Free,정사이즈예요,아주 만족해요,화면과 비슷해요,175.0,59.0,66.0,딥베이지랑 다크 민트색 같이 샀는데 둘 다 색상이 제가 원했던 색상이라 만족합니다! 키 큰 사람도 프리 사이즈로 사도 안 작고 딱 맞아요!,Free
2ogUkOT9,,24.10.09,Ivory,L,생각보다 커요,아주 만족해요,화면과 비슷해요,163.0,64.0,66.0,생각보다 커서 놀랬는데 텐션이나 핏은 마음에 들어요 ㅎㅎㅎ 배송도 제때와서 면접때 잘 입을거 같아요 ! 옷걸이에 걸려서 구김없이 오는 블라우스라니 받아봉 때 부터 기분 좋고 나에게 주는 선물같아요ㅎㅎㅎ,L
PoEBM7KW,,24.09.28,DarkMint(model) (오늘출발),Free,정사이즈예요,아주 만족해요,화면과 비슷해요,163.0,56.0,55.0,"추천 받아서 사봤는데 퀄리티 괜찮네요~
피부에 닿는 느낌도 거슬리거나 하지 않아서 더 좋습니다
색감 상세샷이랑 크게 다르지 않아요!!",Free
fJaPWF4W,,24.07.02,LightBeige(model) (오늘출발),Free,정사이즈예요,보통이에요,화면과 비슷해요,159.0,48.0,44.0,생각보다 조금 길긴 한데 가격대비 품질이 괜찮고 색상도 화면과 거의 같아요. 베이지 색상이라 아무 때나 잘 어울릴 것 같고 주름이 잘 안 가는 재질입니다.,Free
6MBjOnYt,,24.06.30,DarkMint(model) (오늘출발),L,생각보다 커요,아주 만족해요,화면과 비슷해요,165.0,60.0,66.0,바스트 있는 편이라 넉넉한 핏 블라우스 사기가 힘든데 색이랑 소재 다 맘에들어요 !! 소매가 좀 길긴 한데 출근룩으로 입으려고 합니당,L
juri*,,24.05.20,Ivory (오늘출발),L,정사이즈예요,아주 만족해요,화면과 비슷해요,165.0,80.0,88.0,"사이즈 딱 맞고 핏도 좋아서 대만족해요!
 똥똥한 몸이라서 걱정했는데 커버 되고 예뻐요💕
 다른 색깔 쟁여서 봄 여름 가을 다 입으렵니다💕",L
eOroRsNZ,상위 15%,24.05.17,LightBlue(model),Free,정사이즈예요,아주 만족해요,화면과 비슷해요,,,,전에 아이보리 컬러를 큰 사이즈로 샀었는데 너무 잘 입고 있어서 이번에는 프리사이즈로 사봤어요! 허리라인도 잘 잡아주고 튼튼한 재질이라 정말 만족합니다!,Free
brGYkucg,,24.05.16,LightBlue(model) (오늘출발),Free,정사이즈예요,보통이에요,화면과 비슷해요,162.0,53.0,55.0,세일해서 샀는데 가성비 좋고 약간 회끼도는 셔츠에요. 두께감도 살짝 있고 무난한 색깔이라 출근할때 잘 입을것 같아요. 가을즘부터 열심히 입겠습니당,Free
brGYkucg,,24.05.16,DarkMint(model),Free,정사이즈예요,보통이에요,화면과 비슷해요,162.0,53.0,55.0,지금은 입기에 조금 더운 색감이긴 한데 가을쯤에 검은 스커트랑 같이 입으면 괜찮을것 같아요. 링클프리라서 구김도 많이 안가서 편할거같아요,Free
cool******,,24.05.03,DarkMint(model),Free,정사이즈예요,아주 만족해요,화면과 비슷해요,162.0,59.0,55.0,심플하게 입기 좋은 스타일입니다 재질도 좋고 퀄리티도 굿! 슬랙스랑 같이 단정하게 입으려고 여러 색 샀는데 다 사진과 비슷하고 괜찮은 거 같아요,Free
cool******,,24.05.03,Navy(model) (오늘출발),Free,정사이즈예요,아주 만족해요,화면과 비슷해요,162.0,59.0,55.0,심플하게 입기 좋은 스타일입니다 재질도 좋고 퀄리티도 굿! 슬랙스랑 같이 단정하게 입으려고 여러 색 샀는데 다 사진과 비슷하고 괜찮은 거 같아요,Free
cool******,,24.05.03,Black(model) (오늘출발),Free,정사이즈예요,아주 만족해요,화면과 비슷해요,162.0,59.0,55.0,심플하게 입기 좋은 스타일입니다 재질도 좋고 퀄리티도 굿! 슬랙스랑 같이 단정하게 입으려고 여러 색 샀는데 다 사진과 비슷하고 괜찮은 거 같아요,Free
wMVLoJIW,상위 25%,24.04.24,LightBlue(model),Free,정사이즈예요,아주 만족해요,화면과 비슷해요,150.0,41.0,55.0,사진은 좀 누렇게 나왔는데 실물은 딱 사진처럼 살짝 어두운 연하늘색이에요! 찰랑거리고 하늘하늘한 소재로 편하게 입기 좋고 청바지랑 잘 어울릴 것 같아요 ㅎㅎ,Free
jSQN3V0m,,24.04.20,Navy(model) (오늘출발),Free,정사이즈예요,보통이에요,화면과 비슷해요,,,,"소매 포인트가 예뻐요. 걷어입어도 예쁘고 소매 채우고 입어도 예쁩니다
컬러감은 어두운 네이비보다는 남색 느낌이 더 있어요. 시원해보이는 컬러라서 마음에 들어요.",Free
I7qAHkLb,,24.04.19,LightPink(model) (오늘출발),Free,정사이즈예요,아주 만족해요,화면과 비슷해요,162.0,58.0,55.0,색이 화사하고 링클프리라 계속 손이가요ㅎㅎ 전에 구입한 네이비색상도 가을겨울에 잘입었는데 화사한 색이라 봄여름 단독이나 아우터로 걸치기도 좋습니다!,Free
겨쿨_sun,탑리뷰어,24.04.15,Navy(model) (오늘출발),Free,정사이즈예요,아주 만족해요,화면과 비슷해요,165.0,56.0,66.0,말해뭐해 촤르르한핏에 색감까지 입으면 그냥이뻐요👍💙 겨쿨이다? 그냥 사시면됩니다🤩 후회없는선택이에요 요즘 네이비에 빠져서 이것만입어요🤣🤣,Free
말자언니,상위 10%,24.04.14,DeepPink(model) (오늘출발),XL,생각보다 커요,아주 만족해요,화면과 비슷해요,159.0,75.0,88.0,"색감은 사진이랑 비슷합니다! 
넉넉한 핏을 원했어서 생각보다 좀 더 컸는데도 맘에 들었어요! 따뜻한 핑크라서 봄/가을에 특히 잘 입을 것 닽아요!",XL
HoenyB,상위 10%,24.04.11,Wine(model),Free,정사이즈예요,아주 만족해요,화면과 비슷해요,164.0,59.0,55.0,"55-66입는데 적당한 기본사이즈고 
쨍히기보단 딥한 레드라 저는 좋습니다! 고급스러운 느낌이 있네요. 슬랙스에 입으면 포인트로 예쁠거같아요! 링클프리라 더 마음에 들어요!😁",Free
L8vBI3iu,,24.04.09,LightBlue(model),Free,정사이즈예요,아주 만족해요,화면과 비슷해요,167.0,67.0,55.0,"아뜨랑스 블라우스 이번이 3벌째 구매네요ㅎ
착떨어지는 느낌도 좋구, 무엇보다 핏이 이뻐요!
품도 딱좋고~! 색상도 여러가지라 그때그때 분위기따라 골라 사입어도 좋은것같아요ㅎ",Free
moon******,상위 25%,24.04.08,LightBlue(model),Free,정사이즈예요,아주 만족해요,화면과 비슷해요,163.0,51.0,55.0,"엄청 시퍼렇지 않아서 맘에들어요
기장이 생각보다 길지만 하늘하늘하고
주름 많이 안갈 것 같아요
카라가 좀 커서 살짝 부담스럽지만
다른 색도 사보고싶네요",Free
Sc76xUtN,,24.04.07,Black(model) (오늘출발),Free,정사이즈예요,아주 만족해요,화면과 비슷해요,160.0,54.0,55.0,기본 블라우스 블랙이랑 화이트가 없어서 구매했구요! 덕분에 회사에서 정장 입을 날에 입기 좋더라구요! 소재도 부드럽습니다,Free
Sc76xUtN,,24.04.07,Ivory (오늘출발),Free,정사이즈예요,아주 만족해요,화면과 비슷해요,160.0,54.0,55.0,기본 블라우스 블랙이랑 화이트가 없어서 구매했구요! 덕분에 회사에서 정장 입을 날에 입기 좋더라구요! 소재도 부드럽습니다,Free
BXnng1Pn,,24.04.05,LightBlue(model),Free,정사이즈예요,아주 만족해요,화면과 비슷해요,166.0,59.0,55.0,색깔 봄에 어울려서 이쁘고 질도 괜찮아요. 구김 잘 안가서 다른색도 하나 더 사려고 합니다~ 그리고 소매부분이 접으면 이쁜것 같아요!,Free
8ED6kd36,상위 30%,24.04.03,LightBlue(model),Free,생각보다 커요,아주 만족해요,화면과 비슷해요,153.0,42.0,44.0,퀄리티도 좋고 색감도 너무 마음에 들어요 여름엔 살짝 두꺼울꺼같아서 봄에서 여름 넘어갈때 입으면 좋을꺼같아요. 제가 상체가 말라서 살짝 큰 느낌이긴한데 그래도 잘 입을꺼같아요,Free
SUfZqfwb,,24.04.02,SkyBlue(model) (오늘출발),Free,생각보다 커요,아주 만족해요,화면과 비슷해요,161.0,58.0,55.0,사진보다 진하고 어두운 파란색이예요. 소재도 좋고 짱짱한 느낌. 생각보다 오버핏이라 여리해보이는것같아요!! 이거 입고 살빠져보인다는 소리 들었어요,Free
5wcOTkmX,,24.04.02,LightBlue(model) (오늘출발),Free,정사이즈예요,아주 만족해요,화면과 비슷해요,160.0,48.0,44.0,"화면과 똑같은 연한 하늘색 색상이고 주름 잘 안 져서 너무 편하고 좋아요!
재질도 부드러워 마음에 듭니당
아주 잘 입고 다니고 있어요",Free
Uf8jK1VN,,24.03.30,Navy(model) (오늘출발),Free,정사이즈예요,아주 만족해요,화면과 비슷해요,167.0,64.0,66.0,부들부들 촉감 너무 좋네요 ㅎㅎ 기본 셔츠 새로 사야했었는데 잘산거 같아요 ㅎㅎ 잘 입을게요~ 배송도 되게 빠르게 오고 포장상태도 너무 마음에 들어요,Free
FZUam4n8,,24.03.28,LightBlue(model) (오늘출발),Free,정사이즈예요,보통이에요,화면과 비슷해요,162.0,51.0,55.0,"색감 예쁘고, 부담없이 여기저기 입기 좋네요. 

괜찮습니다. ^^

구김 없는 게 마음에 듭니다. 

셔츠 길이가 긴 편이라서 배 안에 넣어서 입었어용ㅎㅎ",Free
NUMXnMbn,상위 10%,25.01.07,Ivory,Free,정사이즈예요,아주 만족해요,화면과 비슷해요,156.0,54.0,55.0,일단 배송이 빨라서 좋았어요. s사이즈이지만 낙낙하게 잘 맞아요. 생각보다 여유가 있어서 좋네요. 적당한 기장도 좋습니다!,Free
y6xnTK8u,,24.12.09,Black(model) (오늘출발),Free,정사이즈예요,보통이에요,화면과 비슷해요,168.0,55.0,66.0,"정핏인 블라우스라고 생각하면 좋을 것 같구요
약간 맨들맨들한 느낌의 소재예요
길이가 조금 있어서 단독보다는 원피스나 뷔스티에에 받쳐입는게 이쁜듯요",Free
upzN6qpw,,24.11.25,LightBlue(model),L,정사이즈예요,아주 만족해요,화면과 비슷해요,157.0,56.0,,일단 배송이 빨르고 옷걸이에 걸려와서 좋았습니다! 상체가 커서 L 시켰는데 그렇게 부해보이지도 않고 핏감이 있어서 만족스럽습니다.,L
lavgpe5x,상위 10%,24.11.09,Ivory (오늘출발),Free,정사이즈예요,보통이에요,화면과 비슷해요,,,,무난하게 입을 셔츠 찾다가 구매했는데 질도 나쁘지 않고 막 입기 좋을 것 같아요~ 배송도 빨라서 바로 입을 수 있어서 좋았어요~!,Free
IZEWsbFQ,,24.10.21,SkyBlue(model),Free,정사이즈예요,아주 만족해요,화면과 비슷해요,158.0,48.0,55.0,색감은 세부 설명이랑 비슷합니다. 톤다운된 스카이블루 색이에요. 결혼식 가려고 샀는데 맘에 듭니다. 링클프리로 구김이 없어요~,Free
WTIPqULx,상위 15%,24.10.15,Black(model) (오늘출발),Free,생각보다 커요,보통이에요,화면과 비슷해요,159.0,48.0,55.0,구김 별로 없고 무난해요. 가격대비 나쁘진 않음. 길이는 엉덩이까지 오고 살짝 넉넉한편. 실밥정리는 좀 해야할 듯함.,Free
Tbw1o3TB,,24.10.13,LightBlue(model) (오늘출발),L,정사이즈예요,아주 만족해요,화면과 비슷해요,167.0,65.0,66.0,고급스러워요!! 배송도 빨리와서 좋았습니다. 요즘 사무실에서 입기좋은 블라우스 입니다 기본중에 기본이라 만족스러워요!!,L
fRDzCOzt,,24.10.11,Ivory (오늘출발),L,정사이즈예요,아주 만족해요,화면과 비슷해요,173.0,74.0,88.0,후들한 블라우스가 아니라 조금 더 탄탄하고 힘 있는 소재에요. 출근룩으로 딱입니다. 사이즈도 딱 괜찮아요. 가격대비 정말 좋아요.,L
ProPf6jd,,24.10.08,LightBeige(model) (오늘출발),Free,정사이즈예요,아주 만족해요,화면과 비슷해요,158.0,47.0,44.0,포장이 꼼꼼해서 좋아요. 퀄리티도 좋아요. 핏도 딱 예쁩니다. 베이직하게 기본템으로 조합해서 입기 좋을 것 같아요.,Free
susG14Ba,,24.10.07,LightBlue(model),Free,생각보다 커요,아주 만족해요,화면과 비슷해요,154.0,52.0,55.0,"가격대비 마감이 잘 되어있고 옷감도 부드러워요
널널한 핏이고 주름이 많이 가지않는 찰랑이는 소재라서 편하게 입을 수 있어요",Free
L2GcqOJl,상위 20%,24.10.01,LightBlue(model) (오늘출발),Free,생각보다 커요,아주 만족해요,화면과 비슷해요,157.0,49.0,55.0,링클프리 소재인만큼 찰랑찰랑하니 주름이 덜 생겨서 좋아요! 요즘 날씨에 손이 많이 갈 것 같습니다!! 색도 화면 그대로 예뻐요~,Free
k0EBExDd,,24.09.29,LightBlue(model) (오늘출발),Free,생각보다 커요,아주 만족해요,화면과 비슷해요,160.0,57.0,55.0,출근룩으로 샀는데 편해서 기본템으로 좋은거같아오 다른색상도 사고싶어오 기장이 길어거 넣어서 입는데 무리도 없구요 ㅎㄹ,Free
XfhR7Ino,,24.09.22,LightBlue(model) (오늘출발),Free,생각보다 커요,아주 만족해요,화면과 비슷해요,164.0,53.0,55.0,재질 확인용으로 첨부해서 올립니다! 후들후들한 재질이라 주름도 안지고 가을에 입기 딱 좋아요 대신 겨울엔 좀 추울듯합니다,Free
minn***,,24.09.19,LightBlue(model) (오늘출발),Free,정사이즈예요,보통이에요,화면과 비슷해요,155.0,55.0,66.0,"헝겊에 잘 싸져서 도착해서 기분이 좋았어요.
색은 연한 하늘색이고 사이즈는 정사이즈라 오버핏 생각했는데 제 체형엔 딱 맞네요~",Free
pXmlmDcg,,24.09.06,Black(model) (오늘출발),L,정사이즈예요,아주 만족해요,화면과 비슷해요,172.0,68.0,66.0,"찰랑찰랑 아주마음에 들어요
가을에 입으려고 네이비랑스카이블루사고 아음에 들어 벌써 3개째 구매했어요
검정색도 마음에 들어요",L
IA2PBJnX,,24.08.31,LightBlue(model) (오늘출발),Free,정사이즈예요,아주 만족해요,화면과 비슷해요,,,,택배도 엄청 빠르게 왔고 색상도 생각했던 하늘색 그대로여서 만족합니다! 빨리 날씨 풀려서 올 가을에 입고 다니고 싶어요!!,Free
XQ8HeltL,,24.08.14,Black(model) (오늘출발),Free,정사이즈예요,아주 만족해요,화면과 비슷해요,158.0,51.0,55.0,"베이직한 기본 셔츠입니다!
158 기준 엉덩이까지 덮는 기장이고
링클프리 소재라 주름이 안져요
추천드립니다!!!",Free
BuHQDEpp,상위 5%,25.01.11,LightBeige(model) (오늘출발),L,정사이즈예요,아주 만족해요,화면과 비슷해요,,,,너무 빳빳한 셔츠는 주름 관리가 힘든데 얘는 차르르 떨어지는 옷감이라 관리하기 편해요!,L
minj*****,상위 10%,25.01.09,Ivory,Free,정사이즈예요,아주 만족해요,화면과 비슷해요,157.0,56.0,66.0,여기서 산 원피스랑 같이 입으면 진짜 이뻐요 재질도 좋고 ㄹㅇ 여기서 옷 산거 다 성공적이네요 게다가 옷걸이+비닐 포장해서 와가지고 보관하기도 딱 좋아요,Free
wKbhI19i,상위 5%,24.12.29,LightBlue(model),Free,정사이즈예요,아주 만족해요,화면과 비슷해요,155.0,50.0,44.0,"옷 안에 레이어드 해서 입었는데 너무 이쁘네요
색도 화면과 같았고 퀄리티도 좋음!!!
강추!",Free
ZpioCKR1,,24.11.23,LightBlue(model) (오늘출발),Free,생각보다 커요,보통이에요,화면과 비슷해요,160.0,50.0,55.0,"배송이 너무 빠르게 와서 놀랐어요..!
옷걸이에 포장까지 받을때마다 기분좋아요:)
그치만 이번엔 등 부분에 살짝 긁힌(?) 자국같은게 있긴한데 많이 티나는 정도는 아니라 교환은 안하고 그냥 입으려합니다. 다음엔 조금만 더 잘 확인부탁드립다!",Free
aqizTwWM,상위 10%,24.11.17,Ivory (오늘출발),Free,정사이즈예요,아주 만족해요,화면과 비슷해요,168.0,61.0,66.0,셔츠하나도 비닐에 넣어서 보내주시고 사이즈도 딱맞고 엄청 마음에 드네요ㅎㅎ 냄새는 조금 나는데 그건 한번 씻으면 되니깐 괜찮아요! 잘 입고다닐것같아요~,Free
axLfgNpC,,24.11.06,LightBlue(model) (오늘출발),Free,정사이즈예요,아주 만족해요,화면과 비슷해요,160.0,64.0,77.0,와 어떻게 프리사이즈인데 이렇게 딱 맞을 수 있는지! 제가 찾아다니던 66 정사이즈 와이셔츠에요!! 색도 예쁘고 핏도 부하지 않게 잘 나와서 단독으로도 입을 수 있을 것 같습니다 재구매 할게요^^!!,Free
THJj7GCP,,24.10.18,Navy(model) (오늘출발),L,정사이즈예요,아주 만족해요,화면과 비슷해요,158.0,48.0,55.0,"선물용으로 구매했어요. 무난한 네이비라 이곳저곳 어울릴 것 같아서 55-66 입으시는 분께 L로 선물드릴거에요.
일단 구김이 없어서 참 맘에 들어요",L
rFqTwv3P,상위 10%,24.10.06,Ivory (오늘출발),Free,정사이즈예요,보통이에요,화면과 비슷해요,170.0,58.0,66.0,"제 남자친구 와이셔츠 재질이랑 똑같아유 ㅋㅋ
약간 찰랑거리는 와이셔츠 재질 
다리미로 피면 찰랑 펴질 재질 
여자들 쉬폰 블라우스보다 훨 두꺼워요 만족해염",Free
pvzIChqQ,,24.10.06,LightMint(model) (오늘출발),L,정사이즈예요,보통이에요,화면과 비슷해요,161.0,77.0,77.0,"박음질도 잘 되어 있고 주름 안가는 거 사고 싶어서 산건데 좋아요. 다리미로도 잘 펴져요.
입었을 때 160 기준으로 엉덩이 덮는 거 같습니다",L
86**,,24.09.08,Ivory (오늘출발),Free,정사이즈예요,아주 만족해요,화면과 비슷해요,149.0,48.0,,너무 크지 않을까 걱정했는데 어깨선도 적당히 오고 소매가 길긴한데 진짜진짜 쪼오금 길어서 굳이 접을 필요도 없을 것같아요!! 진짜 저에게 맞는 옷 찾기 쉽지않은데 여긴 너무 좋습니다! 전에 반팔 블라우스(?)사고 만족해서 또 사는데 진짜 너무 좋네여~~,Free
3d3d******,,24.07.04,LightPink(model),Free,생각보다 커요,아주 만족해요,화면과 비슷해요,166.0,60.0,55.0,너무 찐하지도 연하지도 않은 파스텔톤 핑크라서 좋아요. 여름에 에어컨바람때문에 추울때 가볍게 걸치기에 딱이에요. 다른 컬러도 여러개 쟁이고싶어요.,Free
FvHMNCaE,상위 5%,24.06.01,Black(model),Free,정사이즈예요,아주 만족해요,화면과 비슷해요,155.0,47.0,44.0,입었을때 살짝 커서 엉덩이도 가릴 수 있고 소매를 걷어서 입어도 주름이 안남아서 좋았어요. 빡빡하지 않고 블라우스랑 더 좋네요. 인상이 깔끔해보입니다,Free
FvHMNCaE,상위 5%,24.06.01,LightPink(model) (오늘출발),Free,정사이즈예요,아주 만족해요,화면과 비슷해요,155.0,47.0,44.0,아주 재질도 좋고 색깔별로 구매하고 있습니다. 근데 단추 부분이 실밥처리나 이런게 제대로 안됐더라고요. 그래서 가위로 손질 좀 했네요. 그래도 좋아요,Free
1fHnRLqC,,24.05.09,DeepBeige(model) (오늘출발),L,생각보다 커요,아주 만족해요,화면과 비슷해요,158.0,61.0,66.0,퀄리티 좋고 색도 만족스러웠어용.ᐟ 가을뮤트 컬러 잘 받는데 딱 좋았어요. 사이즈가 좀 컸는데 살이 빠진건지… 그래두 프리로 했으면 좀 작았을것 같아용. 다음엔 좀 밝은 색으로 사야겠어요.ᐟ,L
QrJcYGZL,,24.04.29,LightBlue(model),Free,생각보다 커요,보통이에요,화면과 비슷해요,158.0,49.0,55.0,라이트블루 색깔이 없어서 사봤는데 이쁘네요 제가 팔이 짧아서 팔은 좀 길지만 접거나 올려서 입으면 더 이쁘게 입을 수 있어요 저렴한 가격에 잘 산거 같아요,Free
M2VXnMeC,상위 25%,24.04.23,LightBeige(model) (오늘출발),Free,정사이즈예요,보통이에요,화면과 비슷해요,160.0,46.0,55.0,"기본 셔츠 필요해서 깔별로 구매했어요~~!!
면으로 된 셔츠는 한번 빨면 너무 구김이 많이가서 세탁이 좀 부담스러운데 이건 약간 쉬폰기 섞인 소재라서 구김 잘 안갈것같아용 ㅎㅎ",Free
M2VXnMeC,상위 25%,24.04.23,Ivory (오늘출발),Free,정사이즈예요,보통이에요,화면과 비슷해요,160.0,46.0,55.0,"기본 셔츠 필요해서 깔별로 구매했어요~~!!
면으로 된 셔츠는 한번 빨면 너무 구김이 많이가서 세탁이 좀 부담스러운데 이건 약간 쉬폰기 섞인 소재라서 구김 잘 안갈것같아용 ㅎㅎ",Free
M2VXnMeC,상위 25%,24.04.23,Black(model) (오늘출발),Free,정사이즈예요,보통이에요,화면과 비슷해요,160.0,46.0,55.0,"기본 셔츠 필요해서 깔별로 구매했어요~~!!
면으로 된 셔츠는 한번 빨면 너무 구김이 많이가서 세탁이 좀 부담스러운데 이건 약간 쉬폰기 섞인 소재라서 구김 잘 안갈것같아용 ㅎㅎ",Free
M2VXnMeC,상위 25%,24.04.23,LightMint(model) (오늘출발),Free,정사이즈예요,보통이에요,화면과 비슷해요,160.0,46.0,55.0,"기본 셔츠 필요해서 깔별로 구매했어요~~!!
면으로 된 셔츠는 한번 빨면 너무 구김이 많이가서 세탁이 좀 부담스러운데 이건 약간 쉬폰기 섞인 소재라서 구김 잘 안갈것같아용 ㅎㅎ",Free
kvpfkfeW,상위 15%,24.04.17,LightPink(model) (오늘출발),Free,정사이즈예요,아주 만족해요,화면과 비슷해요,162.0,55.0,66.0,"베이직한 디자인이지만 데일리 아이템으로 너무 좋네요~

링크프리 원단이라 구김걱정도 없고 사이즈도 넉넉하니

입기편하고 좋습니다~

스커트나 바지 둘다 모두 잘어울려서 매칭하기 쉬운 아이템이라 컬러별로
가지고 싶네요~",Free
cXhmMT80,상위 15%,24.04.15,Ivory (오늘출발),Free,정사이즈예요,보통이에요,화면과 비슷해요,158.0,54.0,55.0,블라우스 구매하고 싶어서 샀어요 소재도 괜찮고 디자인도 깔끔해서 마음에 들어요 포장도 상자에 잘 왔고 배송도 하루 뒤에 바로 왔어요,Free
ppS4CcKK,,24.04.14,LightBlue(model),Free,생각보다 커요,보통이에요,화면과 비슷해요,156.0,47.0,44.0,"제 키가 156인데 생각보다 옷이 기네요. 소매도 길고 전체 기장도 길어서 엉덩이까지 덮습니다. 그래도 찰랑찰랑한 소재에 소매접어입어도 주름이 안져요. 하객룩으로 요긴하게 입었어요. 옷이 얇지는 않아서 딱 봄,가을용이에요.",Free
0Lli7QoA,,24.04.12,LightMint(model) (오늘출발),L,정사이즈예요,아주 만족해요,화면보다 어두워요,,,,"카라가 넓어서 목이 날씬해 보이는 셔츠에요.
제가 카키라인 색이 잘 받아서 
민트로 구입했는데 이것도 너무 예쁘네요.
파스텔민트랄까 여튼 화사한 맛도 있는데
단정한 맛도 있어서 편하게 입기 좋아요",L
Zl1WiFmB,상위 15%,24.04.10,Ivory (오늘출발),L,생각보다 커요,보통이에요,화면과 비슷해요,163.0,55.0,55.0,좀 통통한 체형이라 L사이즈로 시켰는데 생각보다 엄청 커서 당황했어여… 그래도 핏도 이쁘구.. 챠르르한 느낌의 셔츠입니당..🥹 바리스타 실습 때문에 샀는데 개개개편해용~🫶🏻,L
gPzX3TZs,상위 15%,24.04.08,Ivory,Free,정사이즈예요,보통이에요,화면과 비슷해요,158.0,52.0,66.0,박스포장에 옷걸이에 걸려서 오니 받는 입장에서 기분이 좋습니닷. 식초냄새가 좀 나긴 합니다 세탁해보면 낫것죠... 옷 차르르 떨어지는 핏이라 나쁘지않아여,Free
1HyLPRTu,상위 15%,24.04.07,Navy(model) (오늘출발),Free,정사이즈예요,아주 만족해요,화면과 비슷해요,,,,짙은 네이비에 군청색을 좀 떨어뜨린..? 채도가 살아있는 느낌이에요! 링클프리라 구김이 비교적 신경쓰이지 않고 반질반질한데 그렇게 싸보이지 않아서 좋아요,Free
NcYLJv9t,,24.04.05,LightPink(model) (오늘출발),XL,정사이즈예요,아주 만족해요,화면과 비슷해요,168.0,68.0,66.0,소매디테일이랑 목 부분 카라가 넓어서 마음이 쏙 들어요. 마감부분이라던지 꼼꼼히 보는 편인데 좋네요. 컬러도 제가 생각한 컬러라 흰바지랑 매치하니 완전 굿굿 ! 초여름까지도 입을것 같아요!! 겨울엔 이너로도 활용도 좋을것 같아요 잘샀어요!!!,XL
vtpWWRJT,,24.04.04,Black(model) (오늘출발),Free,정사이즈예요,아주 만족해요,화면과 비슷해요,170.0,58.0,66.0,입었을때 부드럽고 너무 편해요. 화이트 블라우스 종류가 많아서 블랙으로 구입했는데 구김없이 여유있는데 입었을때 단정한 느낌이 들어요. 기본템으로 색깔별로 갖고 싶어요. 청바지에도 잘 어울려요.,Free
hhAoxIom,,24.04.04,Ivory,L,정사이즈예요,아주 만족해요,화면과 비슷해요,164.0,51.0,66.0,"봄이 되니 산뜻한 짧은 넓은 카라의 세련된 블라우스 입으려고 찾아보니
전에 입던 옷이 유행에서 벗어난 것 같아 다시 입고 싶지 않아 
예쁜 것으로 찾다가 이 제품 발견했네요.
입어보니 잘 어울려요. 입으니까 세련되 보이고 상체가 날씬해 보이네요.
입은 핏이 예쁜지 직장 동료들이 예쁘다고 칭찬 많이 하네요.
소재도 좋아 피부에 닿는 느낌 무자극에 넘 부드럽네요.
시원한 느낌도 좋고 아무튼 좋은 제품 만나서 좋네요.",L
qnGNQXQf,,24.04.04,DarkMint(model),Free,정사이즈예요,아주 만족해요,화면과 비슷해요,164.0,60.0,44.0,"민트색상 딱 내꺼다 싶어 구매했는데 
여기저기 받쳐 입고 다니기 좋네요 
받아보니 부들부들 재질도 좋고 아우터로 포인트 주기도 괜찮네여 
모델분처럼 화이트진에 입어도 좋지만 슬랙스에 입으니 오피스룩으로 딱 좋네요",Free
6v5yPt4y,,24.04.04,LightBeige(model),L,정사이즈예요,아주 만족해요,화면과 비슷해요,,,,"제가 딱 원하는 느낌의 컬러라서 너무 마음에 들어요

핏도 저한테 아주 잘 맞아서 크거나 작은 느낌도 없이

딱 저한테 맞춰서 나온 사이즈 같은 느낌이에요 너무 잘맞네요 >ㅁ<

디자인이 너무 튀지 않고 세련되게 이뻐서 이너로 아무거나 입어도 다 잘 어울리네요

마음에 들어서 자주 입게 될 것 같아요 너무 마음에 쏘옥 들어요!",L
qTmge0sS,,24.04.04,DarkMint(model),Free,정사이즈예요,아주 만족해요,화면과 비슷해요,,,,"착용감도 좋고 색도 너무 마음에 듭니다.
다음에 다른 컬러로 도전해보려고요~~
구김도 많지 않네요! 친구도 괜찮다고 어디에서 구매했는지 물어보더라고요.",Free
109,상위 20%,24.04.03,LightBlue(model) (오늘출발),Free,정사이즈예요,아주 만족해요,화면과 비슷해요,,,,"다른 컬러도 같이 살걸...생각이 바로 들었어요ㅠ
컬러도 잘 나왔고 소재는 부드럽고 하늘거리지만
도톰한 편이라 너무 흐느적거리지 않아서 굳굳
하나쯤은 갖고 있어야 될 기본템으로 탕탕 !!",Free
AuwgFTUo,,24.04.02,Peach(model) (오늘출발),Free,생각보다 커요,아주 만족해요,화면과 비슷해요,160.0,46.0,44.0,부들부들 하고 주름도 잘 안지는 재질이라 여리여리핏 원하시면 구매하면 되는데 저같이 어깨 좁은사람은 못입겠네요 커요 ㅠ 저는 못입고 딴사람 줬지만 질은 좋아요 소매 커프 부분이 넓은편 입니다,Free
uVXI5kIg,,24.03.26,Black(model),Free,정사이즈예요,아주 만족해요,화면과 비슷해요,160.0,70.0,66.0,베이지도 사고 블랙도 샀어요 입었을때 느낌이 좋아서 다른색들도 다 구비해놓고 싶네요! 👍👍 팔은 약간 긴 느낌이 있는데 괜찮아요ㅋㅋ,Free
uVXI5kIg,,24.03.26,LightBeige(model) (오늘출발),Free,정사이즈예요,아주 만족해요,화면과 비슷해요,160.0,70.0,66.0,여름에 반팔 블라우스 샀을때 넘괜찮았어서 이번엔 긴팔 블라우스 주문했어요. 긴팔은 어떨까했는데 역시나 좋네요ㅋㅋ 구김 잘안가는재질!!👍👍,Free
l4TnLZXU,,24.12.13,DarkMint(model) (오늘출발),Free,정사이즈예요,아주 만족해요,화면보다 어두워요,164.0,57.0,55.0,"옷 만족합니다! 화면보단 색이 조금 더 진하고 탁한 것 같아요
근데 흔치않아서 좋습니다
가격대비하면 더더욱 만족합니다
깔끔합니다 ! 다른 색도 사고싶네요 ㅋㅋㅋㅋ",Free
mejOHSOy,,24.12.10,Black(model),XL,정사이즈예요,보통이에요,화면과 비슷해요,162.0,56.0,55.0,"안에 목폴라티랑 같이 입으려고 큰사이즈로 샀어요
겨울이라 단독으로 입기에는 무리지만 
깔끔한 블랙에다 여기저기 잘입을수있어서 
마음에 들어요!",XL
asda****,,24.12.10,SkyBlue(model) (오늘출발),L,정사이즈예요,보통이에요,화면과 비슷해요,168.0,63.0,66.0,결혼식에 갈려고 샀는데 슬랙스랑 입으면 너무 이뻐요~~ 색도 그렇게 어둡지 않고 밝은 하늘이라 봄에 가디건이랑 입으면 넘 이쁠거 같아요~~~. 다른 색도 더 사고 싶네요,L
a5O6XPrj,상위 25%,24.12.09,LightPink(model) (오늘출발),XL,정사이즈예요,보통이에요,화면과 비슷해요,152.0,54.0,77.0,"결혼식이 있어 포인트를 주려규 샀는데 너무 만족스러워요. 색감이 진하지도 않고 깔끔해서 어디든 잘 어울릴거 같아여
갈끔앤 큐티❤️",XL
JCRymwQh,,24.11.27,Ivory (오늘출발),Free,정사이즈예요,보통이에요,화면과 비슷해요,171.0,50.0,66.0,안에 받쳐입기도 좋고 단독으로 입어도 완전 화이트라 쿨톤한테 찰덕 입니다 쿨톤에게 강추합니다 이너로 입기 짱짱딱좋아요,Free
73z5ItCU,,24.11.09,LightBlue(model) (오늘출발),L,정사이즈예요,보통이에요,화면과 비슷해요,167.0,65.0,66.0,소라색은 흰색보다 좀 자연스러워보입니당. 근데 밝은 소라색은 아니고 약간 톤 다운된 소라색이에요. 길이나 핏은 정핏입니다!,L
MXmqdqWq,상위 30%,24.11.06,SkyBlue(model) (오늘출발),Free,정사이즈예요,보통이에요,화면과 비슷해요,165.0,48.0,55.0,단정하게 셔츠입을 일이 많아서 구매해봤는데 생각햇던 것보다 색깔이 조금 어둡긴해요 그래도 나름 가을겨울에는 손이 자주 갈것 같네요!,Free
VF0mFhvA,,24.11.06,Ivory (오늘출발),Free,정사이즈예요,아주 만족해요,화면과 비슷해요,163.0,53.0,55.0,"여기저기 편하게 입을 셔츠가 필요해서 샀습니다
겨울이라서 니트 안에 입고 다녀요
세탁이 편해서 좋고 잘 구겨지지 않아서 좋습니다",Free
VqeEqpEx,상위 25%,24.10.20,Ivory (오늘출발),Free,정사이즈예요,아주 만족해요,화면과 비슷해요,153.0,53.0,55.0,"직장인…
셔츠 3개 사서 돌려 입고 있습니다
재질도 좋고 딱 무난하고 예쁜 것 같아요
정말 잘 입고 있어요 최고
담에 사면 다른 색 도전해볼거예여",Free
VocwcPus,상위 15%,24.10.16,Ivory (오늘출발),Free,정사이즈예요,아주 만족해요,화면과 비슷해요,168.0,53.0,66.0,진짜 예쁘고 고급져요!! 제가 덩치가 있는 편인데도 어깨가 예쁘게 떨어집니다 ㅎㅎ 다른 색깔로도 하나 더 사려고용!!,Free
Tbw1o3TB,,24.10.13,Ivory (오늘출발),L,정사이즈예요,아주 만족해요,화면과 비슷해요,167.0,65.0,66.0,화면보가 조금 더 노란기가 도는 아이보리에요 요즘 사무실에서 입기좋은 블라우스 입니다 기본중에 기본이라 만족스러워요!!,L
F8Azk0XJ,,24.10.09,Ivory,Free,정사이즈예요,아주 만족해요,화면과 비슷해요,164.0,61.0,66.0,"벌써 세 번째 구매네요!
링클프리셔츠는 여기가 제일 맛집입니다
브이넥카라셔츠 샀다가 원단 마음에 들어서 일반 셔츠 검정 샀고
이번에 아이보리랑 화이트 구매했네요",Free
F8Azk0XJ,,24.10.09,LightBeige(model),Free,정사이즈예요,아주 만족해요,화면과 비슷해요,164.0,61.0,66.0,"벌써 세 번째 구매네요!
링클프리셔츠는 여기가 제일 맛집입니다
브이넥카라셔츠 샀다가 원단 마음에 들어서 일반 셔츠 검정 샀고
이번에 아이보리랑 화이트 구매했네요",Free
8XId1Yjd,,24.10.07,Ivory,Free,정사이즈예요,아주 만족해요,화면과 비슷해요,156.0,45.0,44.0,면접볼 때 급히 흰 블라우스가ㅜ필요해서 샀는데 편하게 잘 입었어요:) 소재가 기대한 것보다 나쁘지 않았습니다! 가격대비 좋아요,Free
THJj7GCP,,24.09.22,LightMint(model) (오늘출발),Free,정사이즈예요,보통이에요,화면과 비슷해요,158.0,48.0,55.0,"왼쪽 (다크그린색상) 비교했을 때 이 정도의 채도에요
밝은 민트인데 쨍하지 않아서 가을에 입음 이쁠 것 같아요
아주 맘에 듭니다",Free
1shTmshp,,24.09.16,Black(model) (오늘출발),Free,정사이즈예요,아주 만족해요,화면과 비슷해요,166.0,62.0,66.0,"검정 셔츠 하나쯤은 있어야할 것 같아 구매했어요
소재가 잘 구겨지지않아서 마음에 듭니다 가격대비 퀄리티 아주 좋아요 배송도 옷걸이에 걸려와서 대만족",Free
pYWVi9Kb,,24.09.15,SkyBlue(model) (오늘출발),Free,정사이즈예요,아주 만족해요,화면과 비슷해요,,,,재질도 부들부들해서 구김도 없고 좋아요 ! 색도 톤다운이라 고급져요 결혼식 하객룩 출퇴근 모두 다 다양하게 어울려서 좋아요 퀄리티 좋아서 만족 ! 다른색도 구매해야겠어요,Free
vFRXxaQx,상위 10%,24.09.08,Ivory (오늘출발),Free,정사이즈예요,아주 만족해요,화면과 비슷해요,163.0,60.0,55.0,"너무 맘에듭니다 다른컬러도 사야할까봐요 링클프리는 소재가 너무 산티나는게
많은데 이건 그렇지
않아요~ 핏도 딱딱 예쁩니당",Free
xIsG0cg0,상위 10%,24.09.08,LightPink(model),L,정사이즈예요,아주 만족해요,화면과 비슷해요,155.0,42.0,44.0,소재도 탄탄하고 색깔도 화면이랑 같아요 가격이 저렴해서 기대 안 하고 있었는데 예상보다 훨씬 좋습니다 맨날 입을 거에여,L
xIsG0cg0,상위 10%,24.08.27,LightPink(model),Free,정사이즈예요,아주 만족해요,화면과 비슷해요,155.0,42.0,44.0,사진은 흰색에 가깝게 나왔는데 실제론 좀 코랄핑크?에 가까워요 가을웜톤한테 잘 어울리는 핑크에여 가성비템으로 좋아요,Free
pXmlmDcg,,24.08.26,Navy(model),L,정사이즈예요,아주 만족해요,화면과 비슷해요,172.0,68.0,66.0,"아주만족해요
스판이라 아주 편할것같아요
찰랑거려 주름도 잘안질것같아요
박스포장에 옷걸이와 비닐포장으로 아주 마음에 들어요",L
yN2faoY9,,24.05.27,DarkMint(model),Free,정사이즈예요,보통이에요,화면과 비슷해요,164.0,59.0,55.0,사진이 실제 색감을 못잡았는데 약간 민트색?옥색? 암튼 무난무난하게 예쁜 색깔이에요 재질도 가벼워서 초여름까지도 가능할듯,Free
퓨르미,,24.05.17,LightPink(model),Free,정사이즈예요,아주 만족해요,화면과 비슷해요,158.0,57.0,55.0,적당히 찰랑한 소재의 분홍셔츠를 찾고있었는데 제가 찾던거라 맘에들고 팔뚝살 좀만 빼면 여리여리하게 예쁠고같아요!!,Free
zi1AZ6U0,,24.05.11,LightBlue(model),Free,정사이즈예요,아주 만족해요,화면과 비슷해요,162.0,61.0,66.0,구김 많이 안가고 좋습니다! 찰랑찰랑해서 입기도 편하도 신축성도 좋어요 출근할때 입기 좋습니다 색도 차분하고 예뻐요,Free
sumi******,,24.05.09,DeepPink(model) (오늘출발),Free,정사이즈예요,보통이에요,화면과 비슷해요,167.0,50.0,55.0,"톤다운된 핑크색인데 차분해보여서 좋아요.
사이즈는 정사이즈고ㅎ 소재는 처음엔 별론가?했는데 입으니 괜찮아요!",Free
UYVAWn3q,,24.05.04,LightBlue(model),Free,정사이즈예요,아주 만족해요,화면과 비슷해요,160.0,58.0,55.0,되게 찰랑거리고 색도 예뻐요 여름에도 입을만 할 것 같아요!! 연파랑 샀는데 다른 색으로도 사려고 합니다 주름도 안 지고 좋아요,Free
yuen****,,24.04.25,LightPink(model) (오늘출발),Free,생각보다 커요,아주 만족해요,화면과 비슷해요,160.0,53.0,55.0,"셔츠 같으면서도 블라우스 같고 정말 예뻐요!
소재도 찰랑찰랑해서 고급스러워요 :) 
지금 날씨에 아주 딱 입니다!
데일리로 최고예요",Free
g4eGPDeu,,24.04.22,LightBeige(model) (오늘출발),Free,정사이즈예요,아주 만족해요,화면과 비슷해요,,,,배송도 빠르고 포장도 꼼꼼해서 좋아요 사진이 밝게 나온거라 실물은 이쁜 베이지색이에요 봄 여름에 잘 입을 것 같아요 ㅎㅎㅎ,Free
jSQN3V0m,,24.04.20,Ivory (오늘출발),Free,정사이즈예요,보통이에요,화면과 비슷해요,,,,"소매 포인트가 마음에 들어요. 탄탄한 재질에 기본 ㅅ츠핏이라 매우 마음에 듭니다. 
기본 셔츠블라우스 찾으시면 추천해요",Free
VlJAEotA,,24.04.20,LightPink(model) (오늘출발),Free,정사이즈예요,아주 만족해요,화면과 비슷해요,,,,색상은 사이트에 있는 사진과 비슷한 것 같습니다. 색감이 잘 빠져서 좋아요. 어디에나 걸치기 좋을 것 같은 셔츠입니다.,Free
ahCOXbS0,,24.04.18,Ivory (오늘출발),Free,정사이즈예요,아주 만족해요,화면과 비슷해요,170.0,51.0,55.0,"신축성도 좋구 만족해요 블랙사고 맘에 들어서 추가주문했어요 다른색도 사고 
이 바지도 흰색이니 하나 더 사서 쟁여 놓을까봐요",Free
fjqm****,,24.04.18,DeepBeige(model) (오늘출발),Free,정사이즈예요,아주 만족해요,화면과 비슷해요,165.0,58.0,66.0,"정말 기본에 충실한 셔츠에요
색감도 이쁘고 구김도 많이 안가고
은근 고급집니다
슬랙스랑 입으면 찰떡이라 회사입사하고
돌려가면서 입으려고 대량으로 주문했어요
완전 만족👍🏻",Free
fjqm****,,24.04.18,DeepPink(model) (오늘출발),Free,정사이즈예요,아주 만족해요,화면과 비슷해요,165.0,58.0,66.0,"정말 기본에 충실한 셔츠에요
색감도 이쁘고 구김도 많이 안가고
은근 고급집니다
슬랙스랑 입으면 찰떡이라 회사입사하고
돌려가면서 입으려고 대량으로 주문했어요
완전 만족👍🏻",Free
fjqm****,,24.04.18,LightPink(model) (오늘출발),Free,정사이즈예요,아주 만족해요,화면과 비슷해요,165.0,58.0,66.0,"정말 기본에 충실한 셔츠에요
색감도 이쁘고 구김도 많이 안가고
은근 고급집니다
슬랙스랑 입으면 찰떡이라 회사입사하고
돌려가면서 입으려고 대량으로 주문했어요
완전 만족👍🏻",Free
fjqm****,,24.04.18,LightBlue(model),Free,정사이즈예요,아주 만족해요,화면과 비슷해요,165.0,58.0,66.0,"정말 기본에 충실한 셔츠에요
색감도 이쁘고 구김도 많이 안가고
은근 고급집니다
슬랙스랑 입으면 찰떡이라 회사입사하고
돌려가면서 입으려고 대량으로 주문했어요
완전 만족👍🏻",Free
fjqm****,,24.04.18,SkyBlue(model) (오늘출발),Free,정사이즈예요,아주 만족해요,화면과 비슷해요,165.0,58.0,66.0,"정말 기본에 충실한 셔츠에요
색감도 이쁘고 구김도 많이 안가고
은근 고급집니다
슬랙스랑 입으면 찰떡이라 회사입사하고
돌려가면서 입으려고 대량으로 주문했어요
완전 만족👍🏻",Free
fjqm****,,24.04.18,LightBeige(model) (오늘출발),Free,정사이즈예요,아주 만족해요,화면과 비슷해요,165.0,58.0,66.0,"정말 기본에 충실한 셔츠에요
색감도 이쁘고 구김도 많이 안가고
은근 고급집니다
슬랙스랑 입으면 찰떡이라 회사입사하고
돌려가면서 입으려고 대량으로 주문했어요
완전 만족👍🏻",Free
fjqm****,,24.04.18,Ivory (오늘출발),Free,정사이즈예요,아주 만족해요,화면과 비슷해요,165.0,58.0,66.0,"정말 기본에 충실한 셔츠에요
색감도 이쁘고 구김도 많이 안가고
은근 고급집니다
슬랙스랑 입으면 찰떡이라 회사입사하고
돌려가면서 입으려고 대량으로 주문했어요
완전 만족👍🏻",Free
5wcOTkmX,,24.04.12,Ivory,Free,정사이즈예요,아주 만족해요,화면과 비슷해요,160.0,48.0,44.0,"다른 색 사고 마음에 들어서 아이보리도 구매했어요
아이보리는 안이 살짝 비쳐요 ㅠ
재질은 부드럽고 찰랑거려서 좋아요!",Free
WgZhEMV5,,24.04.09,LightPink(model) (오늘출발),Free,정사이즈예요,아주 만족해요,화면과 비슷해요,175.0,60.0,55.0,같은 제품으로 다른 색깔 셔츠 흰색 파란색 두개 샀습니다. 가격대비 퀄리티 너무 좋고 기본 탬이라서 어디에나 다 어울려요!,Free
gjquhO0K,,24.04.06,LightBlue(model) (오늘출발),Free,정사이즈예요,아주 만족해요,화면과 비슷해요,173.0,62.0,66.0,제가 찾던 무게감의 나플거리는 셔츠입니다! 비침도 적당하고 무엇보다 다림질 필요없이 깔끔하게 배송되어 왔어요 감사합니다,Free
c8**,,24.04.05,LightPink(model) (오늘출발),Free,정사이즈예요,아주 만족해요,화면과 비슷해요,161.0,56.0,66.0,색상이 화사해서 봄에 입기 너무 좋고 재질도 좋고 핏도 자연스럽게 예쁩니다. 청바지나 크림데님과 매치하면 화사하니 예쁠것 같아요.,Free
Y7fl6sJW,,24.04.04,LightBeige(model),Free,정사이즈예요,아주 만족해요,화면과 비슷해요,164.0,51.0,55.0,"옷이 진짜 죄다 이뻐요~!! 
몇번 구매했는데 퀄리티도 좋고 배송도 빠르고 무엇보다 질감도 좋아요
다음에도 재구매할꺼에요",Free
5wcOTkmX,,24.04.02,Navy(model),Free,정사이즈예요,아주 만족해요,화면과 비슷해요,160.0,48.0,44.0,"화면과 똑같은 남색 색상이고 주름 잘 안 져서 너무 편하고 좋아요!
재질도 부드러워 마음에 듭니당
아주 잘 입고 다니고 있어요",Free
XeGYTXFm,,24.04.02,LightBlue(model) (오늘출발),L,정사이즈예요,아주 만족해요,화면과 비슷해요,163.0,62.0,66.0,찰랑찰랑한 느낌의 셔츠이고 색감이랑 핏 너무 예뻐요 혹시나하고 한사이즈 크게 샀는데 그냥 M사이즈로 샀어도 괜찮았을 것 같아요~,L
XeGYTXFm,,24.04.02,LightMint(model) (오늘출발),L,정사이즈예요,아주 만족해요,화면과 비슷해요,163.0,62.0,66.0,찰랑찰랑한 느낌의 셔츠이고 색감이랑 핏 너무 예뻐요 혹시나하고 한사이즈 크게 샀는데 그냥 M사이즈로 샀어도 괜찮았을 것 같아요~,L
5wcOTkmX,,24.04.01,Brown(model),Free,정사이즈예요,아주 만족해요,화면과 비슷해요,160.0,48.0,44.0,"화면과 똑같은 갈색 색상이고 주름 잘 안 져서 너무 편하고 좋아요!
재질도 부드러워 마음에 듭니당
아주 잘 입고 다니고 있어요",Free
eO5jJWDn,,24.03.31,Black(model),Free,정사이즈예요,아주 만족해요,화면과 비슷해요,148.0,53.0,44.0,너무이뻐요 블랙 겨쿨인데 잘어울리네요 구김도 없는재질이고 색깔별로 입고싶어서 샀어요 곧 봄인데 빨리 쟁여두세요!!,Free
eO5jJWDn,,24.03.31,Ivory,Free,정사이즈예요,아주 만족해요,화면과 비슷해요,148.0,53.0,44.0,너무이뻐요! 진짜 핏되고 찰랑찰랑거려서 구겨짐도없고 슬랙스에입으면 딱이뻐요 색감도 아이보리색아니구 딱 흰색이네요,Free
0zdHexEk,상위 10%,24.03.30,Black(model) (오늘출발),Free,정사이즈예요,보통이에요,화면과 비슷해요,163.0,57.0,55.0,"재질이 부들부들 차르르 고급스러워 보여요
가격대비 아주 만족합니다
박스핏이 아니라 정사이즈 입니다
구매하는데 참고하세요",Free
만두킹,상위 15%,24.11.08,Ivory (오늘출발),Free,정사이즈예요,보통이에요,화면과 비슷해요,161.0,46.0,44.0,이너로 받쳐입기 좋을 것 같아요 깨끗한 하얀색이라 원하던 색깔입니다! 근데 소재가 좋은지는 모르겠어요. 단추 실밥 엉성해요,Free
3JxHW8Ul,상위 30%,24.10.30,LightPink (model) (starting Today),Free,정사이즈예요,보통이에요,화면과 비슷해요,160.0,52.0,55.0,"다른 색상으로 먼저 샀다가 재질이랑 핏, 매치활용도에 반해 라이트핑크로 또 샀어요!
크림색 치마, 청바지 두루두루 잘 어울려요!",Free
fpPZ8kSD,,24.10.13,Black(model) (오늘출발),Free,정사이즈예요,보통이에요,화면과 비슷해요,160.0,51.0,55.0,"검정색 블라우스가 필요해서 샀어요
제가 생각했던 재질은 아니었지만
핏은 정핏이라 딱 떨어져서 예뻤어요
재질은 방수?같은 링클프리 재질이에요!",Free
KqWOpLl0,,24.10.09,DeepBeige(model) (오늘출발),Free,정사이즈예요,보통이에요,화면과 비슷해요,161.0,60.0,66.0,"베이지 삿다가 너무 애매한 색이라 남색으로 교환요..
교환 처리 빨라서 감동^^
옷걸이에 정성스레 걸려서...ㅎ
다른색도 구매해볼게요..^^",Free
xRD9eeBk,상위 20%,24.10.06,Black(model) (오늘출발),XL,정사이즈예요,아주 만족해요,화면과 비슷해요,159.0,52.0,55.0,"만원대에 이 정도면 가성비 있는 것 같아요.
엄마가 휘뚜루마뚜루 입을 만한 셔츠를 원해서 블랙 구매했다가 괜찮아서 브라운도 구매했어요. 근데 체감상 블랙보다 브라운이 더 큰거 같다고 하셨어요😂",XL
6M70sFCi,,24.10.01,LightBlue(model) (오늘출발),L,생각보다 커요,아주 만족해요,화면과 비슷해요,163.0,66.0,55.0,결혼식장을 가야하는데 입을 블라우스가 없어서ㅠㅠ 한참을 고민하다가 고르게 되었습니다! 색상이 다양해서 고르기 힘들었는데..제 얼굴과 맞는 라이트블루로 골랐는데 아주 찰떡입니당!,L
6aWfTdJN,,24.04.04,Ivory (오늘출발),Free,정사이즈예요,아주 만족해요,화면과 비슷해요,157.0,47.0,55.0,아직 입고 나간 적은 없어용. 자켓이나 가디건 등등 입을때 안에 받쳐입으려고 산건데 무난하게 괜찮은 것 같아요. 저렴한 가격이라 만족합니당,Free
uNPmDW0g,,24.03.28,Ivory (오늘출발),Free,정사이즈예요,아주 만족해요,화면과 비슷해요,150.0,60.0,66.0,셔츠가 하나가 있긴 했는데 구김이 잘 보이는 면 재질의 셔츠였어서 블라우스 재질의 셔츠를 원했는데 딱 이 셔츠가 그런 재질이더라고요. 그래서 샀는데 예쁘고 사이즈도 잘맞고 좋아요!,Free
VIqZUSC5,,24.03.27,LightBlue(model) (오늘출발),Free,생각보다 커요,아주 만족해요,화면과 비슷해요,150.0,50.0,66.0,스카이블루 색깔 예뻐요🫶🫶 얇지 않아 이너가 비칠 염려가 없어 좋아요👍👍 출근룩으로 검정 슬랙스하고 잘 입을 것 같아요 잘 입을께요🤸🤸,Free
YsnadmNX,상위 25%,24.12.10,Ivory (오늘출발),Free,생각보다 커요,보통이에요,화면과 비슷해요,155.0,53.0,55.0,"주름 잘 안지는 소재이고 저렴하게 잘샀어요~
가격대비 만족입니다 기장은 좀 기네요",Free
htLdisRZ,상위 5%,24.11.28,LightBeige(model),L,정사이즈예요,아주 만족해요,화면과 비슷해요,,,,"무게감이 살짝있고 크게 샀더니 편하네요
은은한 베이지라서 튀지않고 무난하게 여기저기 잘 어울립니다! 너무 얇지 않아서 속옷도 안 비치네요
자주 입을 것 같아요👍",L
pnKRBI3E,,24.11.03,Ivory,Free,정사이즈예요,아주 만족해요,화면과 비슷해요,163.0,48.0,55.0,딱 기본 블라우스입니다! 단독으로 입어도 괜찮고 니트 안에 받쳐입기도 좋아용 다른 색으로 재구매 의사 있습니다 '◡',Free
YdlrZoGy,상위 30%,24.11.01,SkyBlue(model) (오늘출발),Free,정사이즈예요,아주 만족해요,화면과 비슷해요,158.0,45.0,44.0,사진이 실제보다 더 밝아요. 이런 오피스룩 입어보고 싶어서 샀는데 제가 생각했던 느낌 그대로여서 아ㅏ주 마음에 듭니당¨̮,Free
VqeEqpEx,상위 25%,24.08.27,LightBlue(model) (오늘출발),Free,정사이즈예요,아주 만족해요,화면과 비슷해요,153.0,53.0,55.0,"예뻐요
출근할 때 입으려고 샀어요
딱 맞아서 예뻐요
너무 크지도 않아서 좋아요
색도 예쁘게 잘 나와서 무난하게 어느 바지에나 잘 입을 수 있어요",Free
VqeEqpEx,상위 25%,24.08.27,LightPink(model),Free,정사이즈예요,아주 만족해요,화면과 비슷해요,153.0,53.0,55.0,"예뻐요
출근할 때 입으려고 샀어요
딱 맞아서 예뻐요
너무 크지도 않아서 좋아요
색도 예쁘게 잘 나와서 무난하게 어느 바지에나 잘 입을 수 있어요",Free
99TrKO5M,,24.07.10,Black(model) (오늘출발),Free,정사이즈예요,보통이에요,화면과 비슷해요,161.0,,,진짜 너무너무 예뻐올! 제가 원하던 옷 원하단 핏이에옹~~~~길이도 적당히 맞고 정말 어디에 입어도 질 어울리는 그런 예쁜 옷입니다,Free
vweUFase,,24.05.27,LightBlue(model) (오늘출발),Free,정사이즈예요,아주 만족해요,화면보다 어두워요,160.0,49.0,55.0,길이도 적당하고 예뻐요 근데 색상은 제가 생각했던 것보다 약간 어두워요 그래도 밑에 흰색이나 청바지 입으면 예쁠 것 같아요,Free
ksyk******,,24.05.18,LightBlue(model) (오늘출발),Free,정사이즈예요,아주 만족해요,화면과 비슷해요,,,,"세탁 후 주름이 있어서 다림질을 해야 하긴 하지만 입고 다닐 때 주름이 심하게 지는 느낌은 아닙니다.
소재도 나름 탄탄해서 입었을 때 핏이 예뻐요",Free
ulnuZlnH,,24.05.17,Ivory (오늘출발),Free,생각보다 커요,아주 만족해요,화면과 비슷해요,152.0,42.0,44.0,갑자기 면접일정이 잡혀서 구매했는데 바로 배송와서 입을수 있었어요!! 저에겐 소매길이가 길지만 다른 부분은 다 만족합니다!!,Free
찰떡룩이머죵,,24.05.15,Ivory (오늘출발),Free,정사이즈예요,아주 만족해요,화면과 비슷해요,160.0,53.0,55.0,"옷걸이에 걸려오니 기분이 죠아영 
배송도 빠르고
딱 제가 원하던 재질이라 만족함니둥!!!
다른색상도 규매해야겠어유~",Free
8On8D98o,,24.05.12,LightBlue(model),Free,정사이즈예요,아주 만족해요,화면과 비슷해요,160.0,58.0,66.0,"출근할 때 편하게 입으려고 구매했구요~
링클프리 셔츠 입어보고 계속 링클프리 옷 찾게 되는것 같아요 ㅎ
찰랑찰랑~ 소재 좋구요~ 옷도 편해요 ^^
가격 저렴하게 팔아서 좋아욤~ ㅎ",Free
brNu61Fk,,24.04.29,Wine(model) (오늘출발),Free,정사이즈예요,아주 만족해요,화면과 비슷해요,,,,이렇게 완벽한 포장상태와 배송은 처음 겪어봐요! 급하게 필요해서 구매한 것치고 소재도 너무 마음에 들고 핏도 매우 만족합니다 감사해요 ㅎㅎ,Free
ImuKeATl,,24.04.28,LightBlue(model) (오늘출발),L,생각보다 커요,아주 만족해요,화면과 비슷해요,,,,"색상 화면만큼 예쁘고
촉감도 너무 좋아서 잘 입을 것 같아요.
다만 사이즈선택을 잘못해서 크네요ㅜ
66이신분은 그냥 프리사이즈해도 맞겠어요",L
KyS7lk1l,상위 10%,24.04.26,Ivory (오늘출발),L,정사이즈예요,보통이에요,화면과 비슷해요,161.0,63.0,66.0,"링클 프리 기존 다른 브랜드 옷이 상해서
대체로 샀는데 광택? 촉감이 다른데
좀 더 고급지고 핏도 굿이어서 좋았음
재구매의사o",L
FcmrfrjT,,24.04.25,DarkMint(model),Free,정사이즈예요,아주 만족해요,화면과 비슷해요,,,,"생각보다 탄탄하며 차르르해서 깔별로 쟁여두고 싶을 정도입니다!
날씨가 습해지면 어떻게 휘감길지 모르겠지만 일단 너무 좋아요!!!",Free
UknB18Ap,,24.04.24,SkyBlue(model) (오늘출발),Free,정사이즈예요,아주 만족해요,화면보다 어두워요,161.0,63.0,66.0,발표 때 입을 옷이 필요해서 샀는데 좋아요. 바스트가 좀 있는편인데 부하거나 단추벌어지는 거 없이 딱 떨어져서 좋았어요. 단독으로 입기에도 핏이 좋아요,Free
dlag******,,24.04.14,Ivory (오늘출발),Free,생각보다 커요,아주 만족해요,화면과 비슷해요,158.0,49.0,55.0,생각보다 입었을때 오버사이즈 같긴하지만서도 소재도 부드럽고 좋아요 어느 옷에 받쳐입어도 다 잘 어울리는 거 같아서 잘 입고있습니다,Free
hJBtTGmt,,24.04.09,SkyBlue(model) (오늘출발),L,정사이즈예요,보통이에요,화면과 비슷해요,152.0,51.0,55.0,"색감이 정말 이뻐요. 파스텔 톤의 스카이 블루로 은은하게 이쁘네요. 

청바지에 캐쥬얼하게 코디해도 이쁘구요. 면바지에 입으면 약간 격식 차린 느낌이 들어 좋네요.",L
5Twuwnm0,,24.04.09,Ivory (오늘출발),Free,정사이즈예요,아주 만족해요,화면과 비슷해요,170.0,57.0,55.0,"날씨 따뜻해져서 급하게 구입했어요 너무 예뻐요
데이트할때도 좋고 은근 꾸안꾸로 출근룩으로도 좋네요
치마에도 청바지에도 잘 어울려서 
다른 칼라도 구입 예정이에요~!
핏이 예뻐요",Free
하양이가처음이라,상위 10%,24.04.07,LightBlue(model),Free,정사이즈예요,아주 만족해요,화면과 비슷해요,161.0,53.0,55.0,"모델이 입은거랑 똑같이 핏이 너무 좋아요
색상도 이쁘고 핏도 넘 좋아서 흰색이랑 블랙도 추가구매하려고 들어온김에 후기남깁니다.깔별로 있으면 딱 좋을 소재에요!",Free
sesp******,,24.04.07,Ivory (오늘출발),Free,생각보다 커요,보통이에요,화면보다 밝아요,160.0,46.0,44.0,"냄새가 나서 하루이틀은 걸어놔야해요 ㅜㅜ
크긴커요 제 폼에는.. 그렇지만 중간이상합니다
가격대비 퀄리티 좋아요~!",Free
4MOIiCYA,,24.04.07,Ivory (오늘출발),Free,정사이즈예요,아주 만족해요,화면과 비슷해요,,,,기본템 셔츠 필요해서 주문했는데 배송도 빠르고 입어봤더니 핏이 이뻐서 너무 만족스럽습니다! 색상도 이쁘고 재질도 좋아서 다른색도 더 구매할생각입니다!,Free
Sgxu4UNs,,24.04.04,Ivory,Free,정사이즈예요,아주 만족해요,화면과 비슷해요,164.0,60.0,55.0,"지금 슬랙스, 청바지 위에 하나만 입으면 진짜 예쁨
부들부들한 재질의 원단도 마음에들고 입었을때 살짝 넉넉한 핏도 예뻐요!
어디든 깔끔하게 잘어울려서 만족",Free
P1KE5h2v,상위 10%,24.04.03,SkyBlue(model) (오늘출발),L,정사이즈예요,아주 만족해요,화면과 비슷해요,165.0,46.0,55.0,이거 입어보고 넘 맘에 들어서 하나 더 구매했어요 소재도 좋고 핏이 너무 좋아서 색상하만 가지고 있을 수가 없는 그런 베이직템이라 아주 마음에 들어요,L
HwQyOQE7,,24.04.01,SkyBlue(model) (오늘출발),Free,정사이즈예요,아주 만족해요,화면보다 어두워요,,,,화면보다는 조금 더 살짝 탁한 색상의 파랑입니다~ 여기저기 잘 어울리는 색상이에요 ㅎㅎ 링클프리제품들 다 퀄리티도 좋고 색상도 예쁘고 두루두루 입기 좋습니다,Free
asy5****,,24.03.31,LightBlue(model) (오늘출발),Free,정사이즈예요,아주 만족해요,화면과 비슷해요,160.0,54.0,55.0,"아뜨랑스 제품 항상 고급지게 포장되어와ㅛㅓ 항상 기분이 좋아요!
재질도 좋고 부들부들하구 주ㅜ름도 덜 가서 넘넘 최고입니당",Free
DKRUhoFR,상위 25%,24.03.29,SkyBlue(model) (오늘출발),Free,정사이즈예요,아주 만족해요,화면과 비슷해요,168.0,54.0,55.0,"배송올때부터 옷걸이 비닐커버 포장에 정성스럽네요
너무 만족스럽게 잘 받았습니다!!
하늘하늘한 재질에 가볍게 딱 입기 너무 좋아요~
너무너무 추천합니다!!",Free
nuh1***,,24.03.27,Ivory (오늘출발),Free,정사이즈예요,보통이에요,화면과 비슷해요,,,,컬러들이 다 이뻐서 네장이나 구매 했는데 다 성공했어용ㅇ 🤍🤍 가격대비 퀄리티도 너무 괜찮고 핏도 이뻐서 넣어입든 빼입든 다 이쁠 것 같은 느낌ㅁ 🤍,Free
nuh1***,,24.03.27,LightPink(model) (오늘출발),Free,정사이즈예요,보통이에요,화면과 비슷해요,,,,컬러들이 다 이뻐서 네장이나 구매 했는데 다 성공했어용ㅇ 🤍🤍 가격대비 퀄리티도 너무 괜찮고 핏도 이뻐서 넣어입든 빼입든 다 이쁠 것 같은 느낌ㅁ 🤍,Free
nuh1***,,24.03.27,LightBlue(model) (오늘출발),Free,정사이즈예요,보통이에요,화면과 비슷해요,,,,컬러들이 다 이뻐서 네장이나 구매 했는데 다 성공했어용ㅇ 🤍🤍 가격대비 퀄리티도 너무 괜찮고 핏도 이뻐서 넣어입든 빼입든 다 이쁠 것 같은 느낌ㅁ 🤍,Free
nuh1***,,24.03.27,Black(model),Free,정사이즈예요,보통이에요,화면과 비슷해요,,,,컬러들이 다 이뻐서 네장이나 구매 했는데 다 성공했어용ㅇ 🤍🤍 가격대비 퀄리티도 너무 괜찮고 핏도 이뻐서 넣어입든 빼입든 다 이쁠 것 같은 느낌ㅁ 🤍,Free
fhWIUZDo,,24.12.02,Ivory (오늘출발),Free,정사이즈예요,보통이에요,화면과 비슷해요,160.0,52.0,55.0,"소재도 부들부들하고 여리여리하게입기좋아요좋ㅡㅂㄴ디ㅏ 배송도 빨라서 급하게주문했는데
다행히 입었어요 굿입니다ㅎㅎ",Free
dcuRcFmf,,24.11.12,Ivory (오늘출발),Free,생각보다 커요,아주 만족해요,화면과 비슷해요,156.0,48.0,55.0,"배송상태 너무 좋았어요
하객룩에 어울리는 블라우스 입니댜
키가 조금 작아서 기장이 살짝 긴거 말곤 만족입니다",Free
a7ySZWsz,,24.10.19,Ivory (오늘출발),L,생각보다 커요,보통이에요,화면과 비슷해요,161.0,67.0,55.0,"바스트가 불편할까봐 L했는데 품이 커서 기본사이즈 할껄 그랬어요ㅠ
교환도 귀찮고 오버핏으로 입으려고 걍 입으려구요!",L
PrNMcBHq,,24.10.09,Ivory,Free,정사이즈예요,아주 만족해요,화면과 비슷해요,159.0,47.0,55.0,가격 너무 좋고 부들부들하고 핏도 적당히 오버라서 좋아요 링클프리라 주름도 잘 생기고 포장 상태 옷걸이도 주셔서 만족합니다,Free
6QjaEdvb,,24.09.27,Brown(model),Free,정사이즈예요,아주 만족해요,화면과 비슷해요,163.0,49.0,55.0,찬바람 부니까 가을 느낌 블라우스가 갖고싶어서 구매했어요! 색감이 너무 예쁘고 차르르해서 주름도 덜지니까 좋네요,Free
XfhR7Ino,,24.09.22,Black(model) (오늘출발),Free,생각보다 커요,아주 만족해요,화면과 비슷해요,164.0,53.0,55.0,재질 확인용으로 첨부해서 올립니다! 후들후들한 재질이라 주름도 안지고 가을에 입기 딱 좋아요 대신 겨울엔 좀 추울듯합니다,Free
XfhR7Ino,,24.09.22,Navy(model),Free,생각보다 커요,아주 만족해요,화면과 비슷해요,164.0,53.0,55.0,재질 확인용으로 첨부해서 올립니다! 후들후들한 재질이라 주름도 안지고 가을에 입기 딱 좋아요 대신 겨울엔 좀 추울듯합니다,Free
78jheKr4,,24.05.30,LightPink(model),Free,정사이즈예요,아주 만족해요,화면과 비슷해요,165.0,50.0,55.0,링클프리 넘 좋슴다 ㅎㅎㅎ 뽀얀 딸기우유색이라 아이보리 가디건이나 니트랑 입으면 좋을 것 같아요 ㅎㅎ 단품으로 입기엔 조금 부담스러울 수도 있을 것 같아요!,Free
hZnWGyfe,,24.04.15,Ivory (오늘출발),Free,정사이즈예요,보통이에요,화면과 비슷해요,,,,처음 입자마자 단추가 부셔졌어요.. 편하게 입기 좋은 옷인데 단추는 새로 사서 달아야겠네요. 정장 룩 보다는 캐주얼 룩에 어울리는 셔츠입니다.,Free
jHFQjGYc,,24.04.02,LightBlue(model) (오늘출발),Free,정사이즈예요,보통이에요,화면과 비슷해요,150.0,50.0,55.0,"계속사는 아이템 좋습니다~
행복하게 입겠습니다
오피스룩으로 딱입니다
편하게 일할수있어요
감사감사합니다😆😆",Free
KJhChBWn,,24.04.01,LightBeige(model) (오늘출발),Free,정사이즈예요,보통이에요,화면과 비슷해요,154.0,46.0,44.0,걸쳐서 밖으로 꺼내입기 쪼끔 애매해요. 바지나 치마 안에 넣어 입는게 가장 괜찮은데 기장이 길어서 치마 안에는 못 넣어 입을것 같아요. 주름 잘 안 생기는건 너무 좋아요.,Free
rQ2c0Hfp,상위 30%,24.11.23,Navy(model) (오늘출발),Free,정사이즈예요,보통이에요,화면과 비슷해요,168.0,52.0,55.0,"실제랑 가장 비슷하게 나온 사진입니다!
핏도 이쁘고 슬랙스랑 잘 어울려요ㅎㅎ
출근룩으로 딱입니다! 깔별로 사려구요ㅎㅎ",Free
bE9tx49V,상위 25%,24.11.20,Ivory (오늘출발),Free,정사이즈예요,보통이에요,화면과 비슷해요,163.0,48.0,55.0,기본 셔츠가 필요해서 구매했어요~ 근데 뭔가 왜 그런진 몰라도 맘에 쏙 들지는 않아요ㅠ 무난무난한 아이템입니다:-),Free
3JxHW8Ul,상위 30%,24.10.14,LightBeige(model),Free,정사이즈예요,보통이에요,화면과 비슷해요,160.0,52.0,55.0,"소재 보드랍고 좋아요
착장 후 바로 세탁을해서 사진읗 못찍었는데 색감도 은은하고 청바지, 슬랙스, 미니스커트 어디에도 잘 어울릴거같아요",Free
yCtOfDQE,상위 20%,24.10.12,Ivory (오늘출발),Free,정사이즈예요,아주 만족해요,화면과 비슷해요,163.0,51.0,55.0,"링클프리 확실합니다
옷 한벌 정말 신경써주셔서 배송해주셨네요
주름도 없습니다 당장 면접때 입을
수 있네요 감사합니다",Free
수얀,상위 30%,24.09.17,DarkMint(model),Free,정사이즈예요,보통이에요,화면과 비슷해요,159.0,45.0,55.0,"아직 입어보진 않았는데 생각했던 색깔이에요! 
주름 잘 안생기는 재질이라 잘입을 거 같아요 
가을에 잘 입고다닐거같네요~",Free
hUcZ8UfJ,,24.09.15,Ivory (오늘출발),Free,정사이즈예요,아주 만족해요,화면과 비슷해요,,,,라지사이즈 입다가 좀 넉넉한 것 같아서 핏되게 입으려고 프리 시켰습니다. 77입는 제가 느끼기에 딱 맞으니 애초에 프리도 넉넉하게 나온거 같아요. 아주 만족합니다.,Free
MURWFGB6,,24.06.30,LightBlue(model),Free,정사이즈예요,아주 만족해요,화면과 비슷해요,,,,핏이 너무 예쁘고 와이셔츠를 입어야 하는 회사라서 여러개를 가지고 있는데 핏이나 색상이 가장 맘에 들어서 추가적으로 필요하자면 재구매 의사도 있을 정도로 너무 맘에 듭니다,Free
MURWFGB6,,24.06.30,SkyBlue(model) (오늘출발),Free,정사이즈예요,아주 만족해요,화면과 비슷해요,,,,와이셔츠를 자주 입고 다니는데 색상이 너무 맘에 듭니다. 그냥 입고 다니기도 편하고 안에 반팔이나 나시 입고 아우터 형식으로 코디하기도 너무 좋습니다,Free
zi1AZ6U0,,24.05.11,Brown(model) (오늘출발),Free,정사이즈예요,아주 만족해요,화면과 비슷해요,162.0,61.0,66.0,색이 너무 파랗지 않고 차분해서 가을 뮤트인데도 안뱉어내는 색이에요! 찰랑찰랑한데 어깨는 정핏이라 딱 맞고 좋습니덩,Free
56K7si5k,상위 30%,24.05.01,Ivory,Free,정사이즈예요,아주 만족해요,화면과 비슷해요,160.0,50.0,55.0,"저렴하고 괜찮아서 재구매 합니당ㅎㅎ
흰 블라우스 좋아하고 잘 입어서
여러 벌 살 것 같아용ㅋㅋ
일단 말라보여서 좋네여ㅋㅋ",Free
wjdd******,,24.05.01,Ivory (오늘출발),Free,정사이즈예요,보통이에요,화면과 비슷해요,161.0,50.0,55.0,"가볍게 입기 좋은 옷이에요 살짝 두께 감이 있어요 탄탄에서 좋은 거 같고, 속에 나시를 입으면 크게 비치지 않는 편인 것 같아요.",Free
7Bi51Cn0,,24.05.01,LightBlue(model) (오늘출발),Free,정사이즈예요,보통이에요,화면과 비슷해요,167.0,50.0,66.0,"이 정도 구김으로 왔고 색도 무난하니 맘에 들아요
요즘 날이 더워져서 부지런히 입고 다녀야할듯요
원피스나 슬랙스랑 랕이 입으러구요",Free
yakBnt5R,상위 25%,24.04.26,Peach(model) (오늘출발),Free,정사이즈예요,아주 만족해요,화면과 비슷해요,165.0,48.0,55.0,"핑크톤 셔츠를 구매하고 싶었는데 딱 예뻐보이는 색상이 있어서 구매했어요.
색깔과 핏이 딱 제가 생각했던대로여서 만족합니다!",Free
또자,,24.04.16,LightPink(model) (오늘출발),L,정사이즈예요,아주 만족해요,화면과 비슷해요,167.0,66.0,77.0,"색감이 아주 마음에 들어요 :)
살이 쪄서 free -> 라지 로 교환했네요
167cm, 67kg 라지 추천합니다… ㅎㅎㅎ",L
mykg*****,상위 25%,24.04.15,LightBlue(model),Free,정사이즈예요,아주 만족해요,화면과 비슷해요,158.0,51.0,55.0,"화이트는 있어서 블루로 구매했는데 색감도 고급진 느낌이에요!
프리사이즈 답답하지않게 잘 맞았고
주름도 잘 안 생기는 느낌이라 좋았습니다
여기저기 잘 어울려요ㅎㅎ 봄에 잘 입을게요:)",Free
EUvxddrk,,24.04.07,Ivory (오늘출발),Free,정사이즈예요,아주 만족해요,화면과 비슷해요,,,,우아 정말 이쁩니다. 제가 생각했던 거랑 똑같아요 완전 만족 기본으로 잘 샀습니다 고민하시고 있는분들 빨리 채가세요.,Free
sVTgYeSJ,,24.03.28,Ivory (오늘출발),Free,정사이즈예요,보통이에요,화면과 비슷해요,169.0,57.0,66.0,"완전 후들후들 재질이고
레이어드해입기 좋은거같아요
너무 얇지도 두껍지도 않아서 딱 요즘같은 낢시에 편하게 입기 조을듯요",Free
sVTgYeSJ,,24.03.28,LightBlue(model) (오늘출발),Free,정사이즈예요,보통이에요,화면과 비슷해요,169.0,57.0,66.0,"완전 후들후들 재질이고
레이어드해입기 좋은거같아요
너무 얇지도 두껍지도 않아서 딱 요즘같은 낢시에 편하게 입기 조을듯요",Free
nJfW9NtD,상위 25%,24.10.30,Ivory,Free,정사이즈예요,아주 만족해요,화면과 비슷해요,155.0,60.0,66.0,정말 오랜만에 만족한 옷이었어요! 팔도 얇아보이게 하는 옷입니다ㅏ이번에 산건 색깔도 기본색이라 다음번에는 색깔있는걸로 또 사야겠아용,Free
QWRKDAxd,상위 10%,24.10.09,LightBlue(model),Free,정사이즈예요,보통이에요,화면과 비슷해요,,,,"가을, 겨울에 다른 아우터들과 매치해서 입기 너무 좋아요 베이직 아이템으로 데일리로 입을 수 있어서 너무 괜찮은것 같아요",Free
SLOigzEe,,24.10.04,LightPink(model) (오늘출발),Free,정사이즈예요,아주 만족해요,화면과 비슷해요,,,,"왜 평이좋고 구매량이많은지 알겠어요! 받앗을때 너무기분좋은포장과 제가딱 원하던 연분홍의
화사한색이라 마음에드네요!!다른색또 또사야겟어요",Free
92dRwoAO,,24.09.28,Brown(model),Free,정사이즈예요,보통이에요,화면보다 어두워요,163.0,55.0,66.0,색감이 생각보다 어두웠고 정사이즈로 잘맞았습니다. 질감은 나쁘진않았으나 예상했던거와는 약간 다르네요. 가격대비 만족합니다.,Free
08tQGxJN,,24.09.05,Ivory (오늘출발),Free,정사이즈예요,보통이에요,화면과 비슷해요,163.0,65.0,66.0,"약간 어깨가 딱 맞긴하지만 소매가 좀 길어요 
지금 입기엔 원단이 통풍이 안되어 더울거 같아 좀 서늘해지면 입어야할거 같네요",Free
T0rRoghI,,24.07.31,Black(model) (오늘출발),Free,정사이즈예요,보통이에요,화면과 비슷해요,170.0,67.0,77.0,옷걸이부터 너무너무 정성스러운 포장에 감동부터 받고 언박싱했네요 옷도 스판끼 좋고 핏도 좋아요 이쁘게 잘입겠습니다 감사합니다!,Free
UE1Rkg42,,24.05.19,LightMint(model) (오늘출발),Free,정사이즈예요,별로예요,화면보다 어두워요,166.0,57.0,55.0,이 사진 한 장이 이 블라우스의 마감 퀄을 보여줍니다. 실밥이 깨끗하게 마감된 부분이 없는 건 제가 어떻게 정리라도 해보겠는데 소매부분에 저렇게 된 건 구멍이 나버리니 뭐 방법이 없네요.,Free
YKOZjSMg,상위 30%,24.05.18,Ivory (오늘출발),Free,정사이즈예요,아주 만족해요,화면과 비슷해요,153.0,41.0,55.0,천이 부드럽고 주름이 잘 안 생기는 하늘하늘한 소재라서 넘 좋았어용 핏도 예쁘고 길이도 맘에 들어요 ㅠㅠ 봄~여름에 입기 적당해여,Free
xHceov4W,,24.04.24,DarkMint(model) (오늘출발),Free,정사이즈예요,보통이에요,화면보다 어두워요,157.0,45.0,44.0,다크민트라기보단 어두운 녹색이 맞을거같아요!! 생각보다 색감이 어둡긴한데 나머지 핏이나 재질은 좋았어요 ㅎㅎ다른색으로 구매하려구요,Free
lWwpn3lg,,24.04.20,LightPink(model) (오늘출발),Free,정사이즈예요,아주 만족해요,화면과 비슷해요,164.0,60.0,66.0,"옷이뻐요 색감도 너무 좋네요 ㅎㅎ
배송도 빠르고 옷걸이에 깔끔하게 정갈하게 잘와서 
받았을때 기분이 좋았어요 ㅎㅎㅎ",Free
HY6i9mgS,,24.04.16,Ivory (오늘출발),Free,정사이즈예요,아주 만족해요,화면과 비슷해요,161.0,53.0,55.0,구김 적은 셔츠라 관리가 편하고 기본 핏이라 여기저기 매치하기 좋아요!!! 다른 색상도 추가 구매하고 싶을 정도입니다,Free
kwfiT2Kq,상위 20%,24.04.09,Ivory (오늘출발),XL,정사이즈예요,아주 만족해요,화면과 비슷해요,160.0,60.0,55.0,쉬폰재질이라서 바람불어보 너무 이쁜 제품 이네요~ 하늘하늘 거리는게 너무 이쁘고 각도 잡혀 있어 카라가 너무 이뻐요,XL
S5mDvg49,,24.04.05,Ivory (오늘출발),Free,정사이즈예요,아주 만족해요,화면과 비슷해요,160.0,50.0,55.0,"모델처럼 흰바지에 입으니까 깔끔하고 이쁘네요
하객룩으로 좋을거같고 저는 오피스룩으로
입었는데 깔끔하고 보기좋아요 ㅎㅎㅎ",Free
UX4LhZRF,상위 15%,24.03.30,Ivory (오늘출발),Free,정사이즈예요,아주 만족해요,화면과 비슷해요,167.0,52.0,55.0,예전에도 구매했다가 정말 보풀 생길때까지 입고 (보풀이 잘 생기진 않는데 그만큼 많이 입었어요!) 다시 구매했네요 포장도 잘 되어 와서 좋습니다!,Free
6PDjkioG,,24.12.08,Ivory,Free,정사이즈예요,보통이에요,화면과 비슷해요,155.0,42.0,44.0,핏도 너무 예쁘고 재질도 너무 좋아요 그리고 배송이 진짜 짱이에요 옷걸이 주는 곳은 처음인 거 같아요!,Free
sVFNXYZl,,24.11.28,Peach(model),L,정사이즈예요,아주 만족해요,화면과 비슷해요,161.0,80.0,77.0,전에 블루로 하나 샀었는데 너무 만족해서 다시 구매했습니다ㅎㅎ결혼식장에 갈때 뷔스티에원피스안에 입고갔는데 너무 이뻤어요. 담에 또 다른 컬러로 구매할게요ㅎㅎ,L
9uBjl9x5,,24.09.27,LightMint(model) (오늘출발),Free,정사이즈예요,보통이에요,화면과 비슷해요,163.0,55.0,55.0,"아직 입어보진 않았지만 색상이 너무 맘에 들고 예쁩니당
예전에 다른색상으로 주문했다가 맘에 들어서 연두색으로 산거라 핏이나 구런 건 맘에 들거같아요",Free
alsk***,,24.05.18,Navy(model),XL,생각보다 커요,아주 만족해요,화면과 비슷해요,157.0,60.0,66.0,생각보다 너무 커서 사이즈는 미스지만 찰랑찰랑하니 시원하게 잘 입을 거 같아요 너무 크지만 교환없이 입으려고 합니다 마음에들어요,XL
h3BpmVeD,,24.05.14,SkyBlue(model) (오늘출발),Free,정사이즈예요,아주 만족해요,화면과 비슷해요,165.0,60.0,66.0,핏이 너무 예뻐요!!!! 촤르르 떨어지는 옷감이라 입었을때 엄청 편해요 짱,Free
gO2kLuwA,상위 25%,24.04.26,Navy(model) (오늘출발),Free,정사이즈예요,보통이에요,화면과 비슷해요,157.0,58.0,66.0,찰랑찰랑한 느낌일줄 알았는데 아니네요! 탄탄한 느낌이 더 강해요. 여름 빼고 다른 계절에는 두루두루 잘 입을 수 있을 거 같아요,Free
v0u8cD2M,,24.04.09,Black(model) (오늘출발),Free,정사이즈예요,보통이에요,화면과 비슷해요,163.0,57.0,55.0,전에 구매했던 링클프리 셔츠가 너무 마음에 들어서 무난하게 검정으로 재구매했습니다~ 구김이 잘 안가는 셔츠가 휘뚜루마뚜루 잘 입을 것 같네용,Free
HqHvCAmh,,24.04.04,LightPink(model) (오늘출발),Free,정사이즈예요,보통이에요,화면과 비슷해요,155.0,48.0,55.0,색이 화면보다 좀 더 진하긴해여 마음에 드는데 약간 부담스러운거같기도..하고..청바지나 흰바지에 입으면 잘 어울릴거같아요,Free
jBODGaPC,,24.04.03,Ivory,Free,정사이즈예요,아주 만족해요,화면과 비슷해요,169.0,58.0,55.0,컬러별로 쟁여놓고 싶은 블라우스네요!! 소재가 너무 좋고~ 고급스러운 느낌이예요~ 어떤 하의에도 다 잘어울려서 요즘 교복처럼 입고다녀요!!,Free
2bk5XjTT,,24.12.05,DarkMint(model),Free,정사이즈예요,보통이에요,화면과 비슷해요,,,,"깔끔하게 입을 수 있고 촤르르 재질이라
주름이 잘 안생기는거 맞아여
건조기 돌려도 탈탈털면 안다려도 됩니덩",Free
3Npy3TfU,,24.11.12,Brown(model) (오늘출발),Free,정사이즈예요,보통이에요,화면과 비슷해요,,,,"생각보다 길이가 길지만, 상세한 사이즈를 보고 재고 산것은 아님 ! 
휘뚤마뚤입기 편한 소재로 재구매 의사 있습니다",Free
IezC2L6o,,24.04.30,LightBlue(model) (오늘출발),L,정사이즈예요,아주 만족해요,화면과 비슷해요,163.0,75.0,88.0,아니 사장님 밤에 주문한거같은데 그다음날 도착하다뇨?? 부들부들 느낌에 팔뚝얇아보이는거 무엇? 맘에 너무 들어요ㅠㅠㅠㅠ,L
JBk726Ol,,24.04.21,Black(model),Free,정사이즈예요,보통이에요,화면과 비슷해요,158.0,52.0,55.0,공연때 필요해서 급하게 구매했는데 배송도 빨랐고 주름도 거의 없이 왔어요. 가격에비햐 퀄리티도 나쁘지않고 만족합니당!!,Free
gjquhO0K,,24.04.06,Ivory (오늘출발),Free,정사이즈예요,보통이에요,화면과 비슷해요,173.0,62.0,66.0,구겨지지도 않고 아주 깔끔하게 포장되어 와서 너무 좋았어요 비침도 적당하고 마음에 듭니다.,Free
kJbaZA1T,,24.04.05,Ivory (오늘출발),Free,정사이즈예요,아주 만족해요,화면과 비슷해요,,,,"유명브랜드 옷만큼 고급지진 않아도, 찰랑거리는 재질에 잘 비치지도 않아서 실용적이에요 입고 다니기 좋을 것 같아요",Free
ws0R4JOJ,상위 15%,24.04.03,LightBeige(model),L,정사이즈예요,아주 만족해요,화면과 비슷해요,,,,청바지에도 잘 어울리고 어디나 잘 어울려요~ 색감도 이쁘고 핏도 이쁘고 찰랑찰랑 재질이 너무 마음에 드네요!,L
DKRUhoFR,상위 25%,24.03.29,DarkMint(model) (오늘출발),Free,정사이즈예요,아주 만족해요,화면과 비슷해요,168.0,54.0,55.0,"배송올때부터 옷걸이 비닐커버 포장에 정성스럽네요
너무 만족스럽게 잘 받았습니다!!
하늘하늘한 재질에 가볍게 딱 입기 너무 좋아요~
너무너무 추천합니다!!",Free
svp7sWQy,,24.10.30,Peach(model),Free,정사이즈예요,아주 만족해요,화면과 비슷해요,160.0,50.0,55.0,회사갈때나 단정하게 입어야할때 휘뚜루마뚜루 입기 좋아요 두께감도 어느정도 있어서 좋습니당,Free
hk2TY6Pi,,24.10.13,LightBlue(model) (오늘출발),XL,생각보다 커요,아주 만족해요,화면보다 밝아요,,,,질도 좋고 가격대비 최고에요. 비치지도않고 지금날씨에 입기딱입니다. 배송도진짜빨라요.,XL
yXNd2jER,,24.10.11,Wine(model) (오늘출발),Free,정사이즈예요,아주 만족해요,화면과 비슷해요,170.0,56.0,55.0,핏도 이쁘게 떨어지고 원단도 좋은 것 같아요 같은 옷으로 다른색 3장 샀는데 아주 만족합니당,Free
DnkJWqfH,,24.09.14,LightBlue(model) (오늘출발),Free,생각보다 커요,보통이에요,화면과 비슷해요,158.0,53.0,55.0,"생각보다 옷이 큰거 같아요
결혼식장에 단정하게 입으려고 샀는데
색상도 무난하고 배송도 빨랐어요",Free
GMBJOprI,상위 1%,24.04.11,DarkMint(model),L,정사이즈예요,아주 만족해요,화면과 비슷해요,,,,"기본디자인이라 어떤하의랑도 잘 어울리구요
너무얇지도 두껍지도않은 딱 적당한두께라
계절상관없이입어도괜찮아요",L
Vnkf8StC,상위 15%,24.04.09,DarkMint(model),L,정사이즈예요,아주 만족해요,화면보다 밝아요,171.0,60.0,55.0,"컬러 찐 이뻐요 ^0^
사이즈 잘맞고 핏도 
딱! 제가 원하던 스타일이라 
대만족해용 ㅎㅎ",L
pFUs2x8U,,24.04.08,Wine(model) (오늘출발),Free,정사이즈예요,보통이에요,화면과 비슷해요,164.0,57.0,55.0,"아무래도 빨강색이라 리뷰가 많이 없네요! 
고오급진 와인색은 아니지만 이정도면 가성비 굿!에 
포장이 깔끔해서 기분 좋게 샀어요😀",Free
DEZFdJgC,,24.04.07,Navy(model) (오늘출발),Free,정사이즈예요,아주 만족해요,화면과 비슷해요,,,,"결혼식에 입으려고 주문했습니다아 ㅎㅎ 재질이
진짜 좋네여어 슬랙스랑 입었을 때 가장 이뻐요 잘 입겠습미다아아 많이 파세요어",Free
3MWBcpiT,,25.01.13,LightPink(model) (오늘출발),Free,생각보다 커요,아주 만족해요,화면과 비슷해요,153.0,55.0,55.0,"제가 키가 작아서 그런지 생각보다 길이가 길어요~
색이 이뻐 그런가 다들 피부가 좋아 보인다고 했어요.ㅎ",Free
KicAocQT,,24.08.20,Ivory (오늘출발),Free,정사이즈예요,보통이에요,화면과 비슷해요,159.0,43.0,44.0,"촤르르 떨어지는 핏이고 구김도 잘 안가서 좋아요
마감은 조금 아쉽지만 정말 조아요",Free
yzePCHCn,,24.05.06,SkyBlue(model) (오늘출발),Free,정사이즈예요,보통이에요,화면과 비슷해요,,,,기존에 구매했던 게 없어져서 재구매했습니다 무엇보다 빨래하고 나도 구김이 안가서 직장인에게는 최고이지 않을까 싶네요,Free
꺄르르르,상위 10%,24.04.21,LightBlue(model) (오늘출발),Free,정사이즈예요,보통이에요,화면과 비슷해요,167.0,69.0,77.0,사이즈를 크게 살걸 그랬어요 ㅠㅠ.. 색감은 생각한것보다 두톤 밝구.. 쿨톤한테 어울릴 하늘색이에용 재질도 시원해요,Free
PzqNfvJD,,24.04.09,Ivory,Free,정사이즈예요,아주 만족해요,화면과 비슷해요,,,,이전에 다른 색들 샀다가 잘 입고 다니고 있어서 아이보리도 샀어요 재질이 부들부들해서 좋고 후기가 많은 건 이유가 있습니다 존예,Free
Osn9ir9i,상위 20%,24.12.26,SkyBlue(model),Free,정사이즈예요,아주 만족해요,화면과 비슷해요,160.0,48.0,44.0,"옷걸이와 비닐과 함께와서 좋아요 
가격대비 퀄리티도 좋습니다
다만 링클프리인지는 잘 모르겠어요...
물뿌려서 사용하기를 권장드립니다",Free
VjpeN0Fp,,24.10.15,Black(model) (오늘출발),Free,정사이즈예요,보통이에요,화면과 비슷해요,164.0,59.0,66.0,딱 무난무난한 검정셔츠입니다. 실밥 정리는 잘 안 되어있어서 한 번 정리 하고 입어야겠네요~나머지 부분은 크게 흠잡을게 없습니다.,Free
Juice,상위 10%,24.09.28,SkyBlue(model) (오늘출발),Free,정사이즈예요,보통이에요,화면보다 어두워요,168.0,62.0,,마음에 들어요 아뜨랑스 셔츠가 타 쇼핑몰보다 재질도 졓겨 가격도 마음에 듭니다 ㅋㅋㅋ 깔별로 잇슴 ㄹㅎㅎㅋㅌ 좋아요ㅎ,Free
4XQ9BU0N,,24.09.26,Navy(model),Free,정사이즈예요,보통이에요,화면과 비슷해요,153.0,54.0,44.0,"솔직히... 17000원? 기대 1도 안했습니다
그냥 한두 번 입을 거적대기 그런 거 생각했습니다
저는 바보였습니다
다른 색 더 살까말까 하다가 말았는디 살 걸 그랬심더
하ㅏㅏ 넘 좋네여
나중에 다른 색 또 살게요",Free
PtvdPg7M,,24.04.29,LightBeige(model),Free,정사이즈예요,아주 만족해요,화면과 비슷해요,165.0,54.0,55.0,소재 괜찮아보여서 구매해봤어요 베이지색으로 샀는데 색감 이쁘고 핏도 이쁘네용 ㅎㅎㅎ 굿!,Free
URDgloRV,,24.04.21,LightBlue(model),L,정사이즈예요,아주 만족해요,화면과 비슷해요,,,,"아주 깔끔한 데일리 블라우스 예요!!
출근룩으로도 딱이네요
마감도 소재도 만족해요!^^",L
YspDSr66,,24.03.29,LightBeige(model) (오늘출발),L,정사이즈예요,아주 만족해요,화면보다 밝아요,167.0,65.0,77.0,3장째 재구매에요 색감은 베이지보다는 크림옐로우..? 그런 색이에요 가격대비 질은 좋습니다~~,L
aJZDxfBh,,24.12.03,Ivory (오늘출발),Free,생각보다 커요,보통이에요,화면과 비슷해요,153.0,46.0,,"배송 오자마자 뜯어봤는데, 생각했던 것보다 기장이 더 길더라구요. 어짜피 자켓 안에 입으려고 산 셔츠라서 크게 문제되지는 않습니다. 바지 안에 넣어입으면 되니깐요!",Free
2CsmWVEu,,24.11.02,LightBlue(model) (오늘출발),Free,정사이즈예요,보통이에요,화면과 비슷해요,,,,소라색에 흰색이 더 섞인색이라 차분하고 여리여리해보여서 좋습니다. 가격대비 괜찮아요,Free
jjdaCiSL,,24.10.29,Black(model),Free,정사이즈예요,아주 만족해요,화면보다 어두워요,165.0,55.0,55.0,"딱 맞기보다 살짝 널널한 핏이라 더 좋았어요
착용감도 편하고 완전 만족이에요",Free
3yLImkSW,,24.04.09,LightBeige(model) (오늘출발),Free,정사이즈예요,아주 만족해요,화면과 비슷해요,158.0,53.0,66.0,키158에 몸무게 50키로에요 사이즈 딱 예쁘게 잘 맞아요 색상은 화면과 똑같아요,Free
PNxwCYKf,,24.04.03,LightBlue(model) (오늘출발),Free,정사이즈예요,아주 만족해요,화면과 비슷해요,167.0,58.0,55.0,"출근룩으로 잘입고있습니다.구김도덜하는거같구요
색감도 제가원했던거예요 ㅎㅎ달른색상구매하러왔습니다.!!",Free
l7rQJUI6,,24.03.31,LightBlue(model) (오늘출발),Free,정사이즈예요,보통이에요,화면과 비슷해요,158.0,65.0,55.0,전에 잘 입던 거라 좀 낡았길래 새로 하나 구매했습니당 소재가 묘하게 전보다 뻣뻣한 느낌이 있긴한데 입다보면 괜찮을 듯 해요,Free
cy01**,,25.01.12,DarkMint(model) (오늘출발),L,정사이즈예요,아주 만족해요,화면과 비슷해요,,,,"재질이 너무 부드럽고 강추합니다 
좋은 제품 감사합니다",L
s8uqKlkq,,24.10.21,Peach(model) (오늘출발),L,정사이즈예요,아주 만족해요,화면보다 어두워요,165.0,57.0,66.0,"편하고 좋아요 출근룩으로 애용해요!
배송도 빨라요",L
pzmIZKqJ,,24.09.30,LightBlue(model) (오늘출발),Free,작아요,아주 만족해요,화면과 비슷해요,163.0,50.0,44.0,"너무 귀여워요!!
생각보다 쪼~꼼 더 작지만!!
귀엽게 휘뚜루마뚜루 들려고 산거라 만족중입니다!
키링 시켜서 가꾸할거에용:)",Free
hUcZ8UfJ,,24.09.15,Ivory (오늘출발),L,생각보다 커요,아주 만족해요,화면과 비슷해요,,,,다른 색상 제품 사서 잘 입고 있어 베이직한 색상 추가 구매했습니다. 옷걸이까지 주셔서 넘 좋아요~,L
slswZ9l4,,24.06.04,Navy(model) (오늘출발),Free,정사이즈예요,보통이에요,화면보다 밝아요,161.0,55.0,66.0,네이비 색 샀는데 저는 조금 진한색을 원했는데 그것보다는 밝은 네이비 색깔입니다 그래도 퀄리티는 나쁘지않아서 그냥 입으려고요,Free
WM3DXb4c,,24.04.13,Ivory (오늘출발),Free,정사이즈예요,보통이에요,화면과 비슷해요,158.0,54.0,55.0,함께 코디된 치마를 샀다가 그냥 셔츠와 입으니 뭔가 이상해서 이 블라우스를 샀더니 역시 셔츠보다는 블라우스가 여성스럽고 더 잘 어울리는 것 같아요. 치마 외에도 슬랙스 바지와도 잘 어울려서 다양하게 잘 활용할 수 있을 것 같습니다.,Free
e66T2IWs,상위 30%,24.04.11,Ivory (오늘출발),Free,정사이즈예요,아주 만족해요,화면과 비슷해요,157.0,49.0,55.0,평상시 이너로도 중요한때 이너로도 잘입을거같아요! 셔츠 느낌의 블라우스인데 주름도 안져서 넘 좋아요오 오래오래 입을게요☺️,Free
fvtsKkZ4,,24.04.02,Ivory (오늘출발),Free,정사이즈예요,아주 만족해요,화면과 비슷해요,165.0,48.0,44.0,"가디건이랑 입으려고 샀는데 이너 블라우스로 촤고예요,,! 차르르 하고 무난하게 입기 좋아요 가격생각하면 아주 좋습니다,,",Free
wzjgt6eu,,24.12.22,DarkMint(model),Free,정사이즈예요,아주 만족해요,화면과 비슷해요,171.0,59.0,66.0,면접때문에 입고 갔는데 잘입었습니다! 질이 정말 좋아요 강추!,Free
빵꾸똥꾸야,,24.11.06,Black(model) (오늘출발),Free,정사이즈예요,아주 만족해요,화면과 비슷해요,165.0,54.0,55.0,회사에서 입으려고 샀어요 주름도 안지고 가격대비 넘 맘에들어요 ◡̈,Free
mgDMkmdB,,24.11.03,Ivory (오늘출발),XL,정사이즈예요,보통이에요,화면과 비슷해요,160.0,70.0,88.0,딱 찾던 사이즈라 만족스러워요. 재질은 조금 아쉽네요.,XL
pXmlmDcg,,24.10.09,DarkMint(model) (오늘출발),L,정사이즈예요,아주 만족해요,화면과 비슷해요,172.0,68.0,66.0,"아주 마음에 들어서 색색으로 구매했어요
검정색 네이비색 블루스카이 네번째 색으로 궁새했는데 아주 마음에들어요",L
Cz30eATQ,,24.08.16,SkyBlue(model),Free,생각보다 커요,아주 만족해요,화면과 비슷해요,,,,안구겨져서 좋아요 대신 배송오면 실밥정리를 해주셔야 합니다,Free
9kgR5yj2,,24.07.26,Black(model),Free,생각보다 커요,아주 만족해요,화면과 비슷해요,160.0,53.0,55.0,일할때 입을 블라우스가 필요해서 급하게 샀는데 모델핏보다 생각보다 커서 좀 그랬지만 나머진 다 좋아요ㅋㅋ,Free
Ec2a6EYi,,24.04.19,LightPink (model) (starting Today),Free,정사이즈예요,아주 만족해요,화면과 비슷해요,165.0,52.0,55.0,"Приехала даже с вешалкой, очень удобно, а то у меня уже некуда вешать. И очень приятная~",Free
LMlbOl2n,,25.01.09,Ivory (오늘출발),Free,정사이즈예요,보통이에요,화면과 비슷해요,166.0,61.0,66.0,"구김없고 기본핏이라 마음에들어요
니트안에입기 이뻐요",Free
AgTZF8qv,,24.12.09,Brown(model),Free,정사이즈예요,아주 만족해요,화면과 비슷해요,160.0,43.0,44.0,배송 빠르고 상품 정사이즈로 만족합니다 재구매의사 있음,Free
funn****,,24.11.14,LightBlue(model) (오늘출발),Free,정사이즈예요,아주 만족해요,화면과 비슷해요,162.0,50.0,,"블라우스가 급하게 필요해서 앱다운받고 첫구매해요~~~
너무 이쁘구용!! 특히 이색 너무 맘에들어요..!!!😆😆😆",Free
73z5ItCU,,24.11.09,Ivory (오늘출발),L,정사이즈예요,보통이에요,화면과 비슷해요,167.0,65.0,66.0,학교에서 증명사진 찍을 때 입었어용. 카라가 힘이 없어서 계속 접히는 게 단점이었는데 셔츠만 착용했을 때는 예뿝니다!,L
THJj7GCP,,24.10.18,Brown(model) (오늘출발),Free,정사이즈예요,아주 만족해요,화면보다 밝아요,158.0,48.0,55.0,"다른 색들이 너무 예뻐서 추가구매했어요
생각보다는 밝은 밤색이지만 예빠사 만적합니다.
5가지 색상을 구매했네료.",Free
stel******,상위 25%,24.07.14,Ivory (오늘출발),Free,정사이즈예요,아주 만족해요,화면과 비슷해요,163.0,57.0,55.0,"면접 볼때 잘 입었어요
링클프리라 주름 걱정이 덜해서 좋아요!!

무난템이라 다들 추천드려용",Free
SPJb3FXZ,,24.04.14,LightMint(model) (오늘출발),Free,정사이즈예요,아주 만족해요,화면과 비슷해요,166.0,58.0,66.0,왜 후기가 좋은지 알겠어요! 이 가격에 이정도 퀄리티 대박입니다. 다른색도 구매하려고요!!,Free
3yLImkSW,,24.04.09,LightBlue(model),Free,정사이즈예요,아주 만족해요,화면과 비슷해요,158.0,53.0,66.0,키158 몸무게50키로 사이즈 너무 예쁘게 맞고 색상도 너무 예뻐요,Free
73z5ItCU,,24.11.09,Ivory (오늘출발),L,정사이즈예요,보통이에요,화면과 비슷해요,167.0,65.0,66.0,학교에서 증명사진 찍을 때 입었어용. 카라가 힘이 없어서 계속 접히는 게 단점이었는데 셔츠만 착용했을 때는 예뿝니다!,L
THJj7GCP,,24.10.18,Brown(model) (오늘출발),Free,정사이즈예요,아주 만족해요,화면보다 밝아요,158.0,48.0,55.0,"다른 색들이 너무 예뻐서 추가구매했어요
생각보다는 밝은 밤색이지만 예빠사 만적합니다.
5가지 색상을 구매했네료.",Free
stel******,상위 25%,24.07.14,Ivory (오늘출발),Free,정사이즈예요,아주 만족해요,화면과 비슷해요,163.0,57.0,55.0,"면접 볼때 잘 입었어요
링클프리라 주름 걱정이 덜해서 좋아요!!

무난템이라 다들 추천드려용",Free
SPJb3FXZ,,24.04.14,LightMint(model) (오늘출발),Free,정사이즈예요,아주 만족해요,화면과 비슷해요,166.0,58.0,66.0,왜 후기가 좋은지 알겠어요! 이 가격에 이정도 퀄리티 대박입니다. 다른색도 구매하려고요!!,Free
3yLImkSW,,24.04.09,LightBlue(model),Free,정사이즈예요,아주 만족해요,화면과 비슷해요,158.0,53.0,66.0,키158 몸무게50키로 사이즈 너무 예쁘게 맞고 색상도 너무 예뻐요,Free
HwQyOQE7,,24.04.14,DarkMint(model) (오늘출발),Free,정사이즈예요,아주 만족해요,화면과 비슷해요,,,,"찰랑찰랑 편하게 입기 좋은 셔츠입니다
데일리로 출근할 때 잘 입고 있어요",Free
EonIRoGQ,,24.04.07,DarkMint(model) (오늘출발),Free,정사이즈예요,아주 만족해요,화면과 비슷해요,158.0,56.0,55.0,색도 사이즈도 좋아요오오오 이뻐요오오오 짱이에요오오,Free
OcNIc7qf,,24.04.03,SkyBlue(model) (오늘출발),Free,정사이즈예요,아주 만족해요,화면과 비슷해요,,,,"소재가 샤랄라해서 부드럽기도하고 
여리여리하게 보이게해줘요.
만족스럽네요^^",Free
jHFQjGYc,,24.04.02,DarkMint(model) (오늘출발),Free,정사이즈예요,보통이에요,화면과 비슷해요,150.0,50.0,55.0,"계속 구매중인 옷입니다
오피스룩으로 딱이에요
색상 핏 사진과 동일합니다",Free
fuccccckU,,24.12.18,Black(model) (오늘출발),Free,정사이즈예요,보통이에요,화면과 비슷해요,165.0,55.0,55.0,신축성은 떨어지지만 그래도 적당히 싼맛에 입고다닐정도의 셔츠입니다. 진짜 그냥 무난하게 입고다니는 셔츠,Free
ejLVlem6,,24.11.24,Ivory (오늘출발),Free,정사이즈예요,아주 만족해요,화면과 비슷해요,164.0,59.0,66.0,깔끔하게 입기 좋습니다!! 주름이 잘 안생기는게 아주 큰 장점인 것 같아요!,Free
LUpRfwrc,,24.11.02,LightMint(model) (오늘출발),Free,정사이즈예요,보통이에요,화면과 비슷해요,167.0,56.0,66.0,안 넣고 입으면 좀 안예뻐서 바지에 넣어입어야 할것 같아요 그래도 재질도 좋고 편해서 만족합니다,Free
zSlskQG2,,24.10.30,Black(model) (오늘출발),Free,정사이즈예요,보통이에요,화면과 비슷해요,158.0,52.0,66.0,아직 입어보진않았지만 소재랑 디자인 길이 모두만족합니다,Free
ekfm**,,24.10.09,Ivory (오늘출발),Free,생각보다 커요,아주 만족해요,화면과 비슷해요,,,,급하게 산건데 옷핏도 예쁘고 배송도 빨라서 좋았어요~,Free
t0bqTt1Q,,24.09.03,Brown(model),Free,정사이즈예요,아주 만족해요,화면과 비슷해요,164.0,50.0,66.0,재질도 보들해서 괜찮고 딱 지금 날씨에 입기 좋은거같아요!,Free
pjrk******,,24.08.28,SkyBlue(model) (오늘출발),Free,정사이즈예요,아주 만족해요,화면과 비슷해요,,,,믿고 구매하는 쇼핑몰 🥺🥺 블라우스 필요해서 바로 후기 많은 거 구매했는데 너무 예뻐서 색깔 별로 구매하려고요 🥺🥺🥺🥺,Free
yu**,,24.08.20,LightBlue(model) (오늘출발),Free,정사이즈예요,아주 만족해요,화면과 비슷해요,160.0,50.0,55.0,여쿨인데 색상도 예쁘고 옷재질도 마음에 들어요!,Free
gLBZ5nbS,,24.07.09,SkyBlue(model) (오늘출발),L,정사이즈예요,아주 만족해요,화면과 비슷해요,160.0,58.0,66.0,아진짜 사진못찍은게 아쉽네요ㅠ흑흑ㅠㅠ 진짜 너무 이쁘고 색감이 미쳣어요 다른색도 살까고민하고있어요ㅎㅎㅎ,L
iALYjHTd,,24.03.28,LightBlue(model) (오늘출발),Free,정사이즈예요,보통이에요,화면과 비슷해요,162.0,48.0,55.0,구김이 덜가는 소재인부분에서 만족하며 입고 있어요👍 셔츠입고 가디건이나 맨투맨 레이어드하면 예쁘게 입을수있을듯 해요!,Free
phivxX3J,상위 25%,24.04.28,LightBlue(model),Free,정사이즈예요,보통이에요,화면과 비슷해요,163.0,53.0,66.0,기장도 적당하고 두께감도 적당해서 마음에 들었어용,Free
320k**,,25.01.12,SkyBlue(model) (오늘출발),Free,정사이즈예요,아주 만족해요,화면과 비슷해요,160.0,57.0,,색이 화면과 같아서 만족해요! 반들반들 소재입니다,Free
5VLbEGvx,,24.12.15,LightBeige(model) (오늘출발),Free,정사이즈예요,보통이에요,화면과 비슷해요,157.0,48.0,55.0,구김이 있긴한데 비침없고 무난무난템입니다.,Free
연블리쨩,,24.10.15,DeepPink(model),Free,정사이즈예요,보통이에요,화면과 비슷해요,,,,예뻐요 핏도 적당하고 길이도 너무 안길어서 좋아요,Free
VP7kzgJW,,24.10.10,Ivory (오늘출발),L,정사이즈예요,보통이에요,화면과 비슷해요,160.0,60.0,66.0,회사갈때 휘뚤마뚤입을 셔츠 필뇨해서 샀는데 잘입을거같아여 낡으면 또 다시 살둣 핏도 딱좋아여,L
x7qeS8EP,,24.10.09,Ivory (오늘출발),Free,정사이즈예요,아주 만족해요,화면과 비슷해요,158.0,56.0,55.0,링클프리 레전드 맘에드네여ㅠㅠㅠ다림질하기 귀찮았는데 최고ㅠㅠㅠ,Free
wVu0cxn9,,24.10.05,Ivory (오늘출발),Free,생각보다 커요,아주 만족해요,화면과 비슷해요,167.0,49.0,44.0,"생각보다 큼 
면접 볼때 입으면 딱 좋을 듯
안에 비쳐서 좀 조심해야함",Free
x7qeS8EP,,24.10.03,LightPink(model) (오늘출발),Free,정사이즈예요,보통이에요,화면과 비슷해요,158.0,56.0,55.0,"핏 레전드,,, 어깨깡패인데 어깨 안넓어보여서 대만족임다,,,",Free
blKbP2Tz,,24.09.29,LightBlue(model) (오늘출발),Free,정사이즈예요,아주 만족해요,화면과 비슷해요,164.0,51.0,55.0,부담스럽지 않고 적당히 화사한 색이에요 재질도 좋아요,Free
UknB18Ap,,24.04.24,Ivory (오늘출발),Free,정사이즈예요,아주 만족해요,화면과 비슷해요,161.0,63.0,66.0,좋아요! 깔끔한 흰색이라 발표할 때 정장 이너로 입기 좋을 것 같아요.,Free
daRbZ8DF,,24.04.21,LightBlue(model),Free,정사이즈예요,보통이에요,화면과 비슷해요,155.0,47.0,55.0,"하나 시켰는데 박스에다가 옷걸이까지 해서 오니까 이가격에 잘시킨것같아요
맘에들어서 다른색상도 사고싶네요!!!",Free
UdxWQIN9,,24.04.02,LightBlue(model) (오늘출발),Free,정사이즈예요,아주 만족해요,화면과 비슷해요,,,,다림질 귀찮아서 링클프리 자주 사는데 맘에 들어요 색도 예쁨!,Free
gXLLwERx,,24.04.01,LightBeige(model) (오늘출발),Free,정사이즈예요,아주 만족해요,화면과 비슷해요,,,,"아직 입어보지는 않았지만 사이즈도 잘 맞을 것 같고 이제 봄이니까 자주 입을 것 같습니다.ㅎㅎ
잘 입고 다닐게용~~☺️☺️",Free
Rdhog2mF,,24.03.31,Ivory (오늘출발),Free,정사이즈예요,아주 만족해요,화면과 비슷해요,164.0,55.0,55.0,옷걸이에 걸려서 비닐커버에 박스에 담겨서왔어요~~ 입어보기도 전에 맘에들었는데 입어보고 너무편해서 더맘에 들었어요,Free
wGTNkAyk,,24.03.31,Navy(model) (오늘출발),Free,정사이즈예요,아주 만족해요,화면과 비슷해요,155.0,60.0,66.0,부드럽고 가벼워요! 화면과 색상같아요! 초여름까지 잘 입을거같아요,Free
XCFU2zNB,,24.03.28,LightBlue(model) (오늘출발),Free,정사이즈예요,보통이에요,화면과 비슷해요,163.0,64.0,55.0,색 이쁘구 사이즈 잘맞아용 엄청 찰랑거리는 느낌은 아님,Free
6QRDqSmM,상위 25%,24.10.06,Peach(model) (오늘출발),Free,정사이즈예요,아주 만족해요,화면과 비슷해요,168.0,62.0,55.0,"핑꾸핑꾸 깔끔하니 예뻐요 ! 
가을에 입기 딱인거 같아요 😉",Free
RGrYOzPC,,24.06.04,DeepPink(model),Free,생각보다 커요,보통이에요,화면보다 어두워요,167.0,48.0,55.0,색이 꽤 어두워요 진한데 다크톤 느낌이에요 뮤트색은 아님..,Free
Jy25RDlu,상위 1%,24.04.07,DarkMint(model) (오늘출발),Free,정사이즈예요,아주 만족해요,화면과 비슷해요,158.0,58.0,66.0,무난하게 입게 좋아요 링클프리 다른제품 입고 맘에 들어서 또 구매한 제품이에요,Free
ZxWpHYsW,,24.04.06,LightBeige(model) (오늘출발),Free,정사이즈예요,아주 만족해요,화면과 비슷해요,,,,"벚꽃보러 갈려고 하나 장만한 건데요~!!

너무 이뻐요~~!

핏도 좋구 완전 좋네용~!

잘 산 것 같아요!!",Free
haLCGN2t,,24.03.27,SkyBlue(model) (오늘출발),Free,정사이즈예요,아주 만족해요,화면보다 어두워요,157.0,47.0,55.0,"후들후들해요 
저한테는 팔과 총장이 길어요ㅠ 그래도 넣입하고 팔 한 번 접어 입으면 될 것 같아요 생각보다 색이 어두워서 당황하긴 했는데 싫어하는 색은 아니라서 그냥 입으려고 합니당",Free
PWCK3D23,,24.09.30,LightBlue(model) (오늘출발),Free,정사이즈예요,아주 만족해요,화면과 비슷해요,164.0,51.0,55.0,구김없이 엄청 이쁘고 색상도 아주 맘에 들어요ㅎㅎ,Free
kVHvbfQ2,,24.09.11,LightBlue(model) (오늘출발),Free,정사이즈예요,보통이에요,화면과 비슷해요,162.0,55.0,55.0,약간 더운데 퀄리티 괜찮아요 배송도 빠릅니다 굿,Free
N7f2Of7u,,24.09.09,Ivory (오늘출발),Free,정사이즈예요,보통이에요,화면과 비슷해요,162.0,52.0,55.0,가을에 입을 가벼운 셔츠가 필요해서 샀는데 딱 원하던 느낌이네요,Free
MURWFGB6,,24.06.30,LightPink(model) (오늘출발),Free,정사이즈예요,아주 만족해요,화면과 비슷해요,,,,너무 진하지고 않고 연하지도 않고 일상 생활에서 딱 입기 좋은 색상이라서 자주 입고 다니고 있습니다!,Free
ZsjgLE2O,,24.05.20,LightBlue(model),Free,정사이즈예요,보통이에요,화면과 비슷해요,160.0,50.0,44.0,"가성비 너무 좋은 셔츠입니다
하늘하늘한 색상이 너무 마음에 들어요",Free
wKUJ7HyG,,24.04.11,LightBlue(model),Free,정사이즈예요,보통이에요,화면과 비슷해요,158.0,49.0,55.0,단추 실밥 등 정리를 잘해야 할 것 같지만 부들부들하고 좋아요,Free
U5wdNjZK,,24.04.10,Navy(model) (오늘출발),Free,정사이즈예요,아주 만족해요,화면과 비슷해요,162.0,52.0,66.0,옷이 구김이 적고 이뻐요 ㅎ 색도 화사하구요. 나무 싼티나지도 않습니다,Free
ZrrP9LcX,,24.11.24,LightBlue(model) (오늘출발),Free,생각보다 커요,보통이에요,화면과 비슷해요,168.0,57.0,55.0,급히 샀는데 퀄리티가 그래서 ㅠ 못입었어요 생각보다 품이 크고 북한 로동자 느낌이에요,Free
dSOy4xFv,,24.09.30,Navy(model) (오늘출발),Free,생각보다 커요,아주 만족해요,화면과 비슷해요,,,,"링클프리 너무 좋아하는데 제대로입니다
구김도 적고 해서 움직임이 많은 저에게는 딱인 셔츠입니다 자주 입어야 겠어요",Free
2FQ6QSRO,,24.04.13,LightPink(model) (오늘출발),Free,정사이즈예요,보통이에요,화면과 비슷해요,160.0,54.0,66.0,"2일 만에 도착해서 좋았어요.
튀어나온 실밥이 많아 아쉬웠습니다.",Free
zoHhcjuI,,24.11.07,Black(model) (오늘출발),L,정사이즈예요,아주 만족해요,화면과 비슷해요,,,,유니폼으로 입고 있는데 너무 좋아서 10개 넘게 구매한거 같아요!!! 왕 추천합니다!!!!,L
6HPgXLTb,,24.06.27,Ivory (오늘출발),XL,정사이즈예요,아주 만족해요,화면과 비슷해요,163.0,74.0,88.0,재질도 만족스럽고 핏도 마음에 들어요! 잘샀음ㅎㅎ,XL
7UeGpPKl,,24.05.08,SkyBlue(model) (오늘출발),Free,생각보다 커요,아주 만족해요,화면과 비슷해요,165.0,50.0,55.0,생각보다 길어요. 그치만 슬랙스에 넣어서 입기 괜찮아요. 길이가 긴 거 말고는 매우 만족합니다.,Free
IWuxH3F9,,24.04.08,LightBlue(model),Free,정사이즈예요,아주 만족해요,화면과 비슷해요,162.0,49.0,44.0,색상 너무너무 예뻐요 입었을 때 핏도 예쁩니다~,Free
0Zi712Fu,,24.08.31,Ivory (오늘출발),Free,정사이즈예요,보통이에요,화면과 비슷해요,164.0,55.0,55.0,월요일에 갑자기 첫출근 하게되어서 급하게 샀는데 딱 기본템이라 좋아요 !,Free
VbfTVVmE,,24.05.22,LightBlue(model) (오늘출발),Free,정사이즈예요,보통이에요,화면과 비슷해요,163.0,53.0,55.0,핏도 예쁘고 너무 맘에 들어요!! 다들 너무 예쁘다고 했어용,Free
SKj8gLJn,,24.03.30,SkyBlue(model) (오늘출발),Free,정사이즈예요,아주 만족해요,화면과 비슷해요,,,,단정해보여서 격식있는 자리에 어울리는 셔츠 입니다! 만족하며 입고 있습니다,Free
NIjMtMay,,24.11.22,Ivory (오늘출발),Free,정사이즈예요,아주 만족해요,화면과 비슷해요,,,,기본 흰색셔츠라 레이어드하기도 좋고 오피스룩으로 딱이에요~~휘뚜루마뚜루,Free
GgAnuSpp,,24.10.14,LightPink(model) (오늘출발),Free,정사이즈예요,아주 만족해요,화면과 비슷해요,153.0,50.0,55.0,프리사이즌데도 그렇게 부해보이지 않아요 깔끔하니 마음에 드네요,Free
ekfm**,,24.10.09,LightBeige(model),Free,생각보다 커요,아주 만족해요,화면과 비슷해요,,,,"급하게 구매한건데 배송도 나쁘지않고
옷핏도 예뻐요~~",Free
yCw4jsGZ,,24.08.28,SkyBlue(model) (오늘출발),Free,정사이즈예요,보통이에요,화면과 비슷해요,157.0,43.0,44.0,"기본 블라우스고 
우선 배송 상태가 너무 좋습니다 !!",Free
bB36rWNN,상위 10%,24.07.01,LightBlue(model),Free,정사이즈예요,아주 만족해요,화면과 비슷해요,162.0,56.0,55.0,오피스룩으로 딱이에요 !!! 봄 가을 자주 입었습니다 ~ 많이 파세요 !!,Free
3jwy6qAp,,24.08.21,LightPink(model),Free,정사이즈예요,아주 만족해요,화면과 비슷해요,165.0,58.0,66.0,치마나 바지에도 잘 어울릴 것 같아요. 색은 상세정보와 비슷해요,Free
3jwy6qAp,,24.08.21,Ivory (오늘출발),Free,정사이즈예요,아주 만족해요,화면과 비슷해요,165.0,58.0,66.0,예쁘게 잘 입을 것 같아요. 화면과 색은 같습니다.,Free
wzcL0dxs,,24.07.24,Black(model),Free,정사이즈예요,보통이에요,화면과 비슷해요,156.0,50.0,55.0,링클이라 구김없어서 좋고 재질이 부드러워서 입기좋아요,Free
iZOQ95Is,,24.04.13,LightBeige(model) (오늘출발),Free,정사이즈예요,아주 만족해요,화면과 비슷해요,162.0,59.0,55.0,요즘 날씨에 입기 딱이에요! 링클프리라 구김 걱정 안해도 되어서 활동하기 편해요^^,Free
PeJpeZhZ,,24.07.26,Ivory (오늘출발),Free,정사이즈예요,보통이에요,화면과 비슷해요,155.0,42.0,44.0,화면과 똑같고 재질도 구겨지지않아서 좋아요.,Free
CvJ9Agum,,24.05.30,LightBlue(model),Free,정사이즈예요,아주 만족해요,화면과 비슷해요,167.0,57.0,66.0,"여름 블라우스 찾고있었는데
구김도 안가고 너무 좋습니다",Free
hBTDfXgw,,24.05.30,Black(model) (오늘출발),Free,정사이즈예요,아주 만족해요,화면과 비슷해요,173.0,53.0,44.0,"빠른배송과 친절한응대감사합니다~^^
재ㅡ구매의사있음",Free
9caOWCce,,24.05.18,Ivory (오늘출발),Free,생각보다 커요,보통이에요,화면과 비슷해요,160.0,49.0,,좁 큰거같지만 예뻐요 빨리 가을 왔으면 좋겠어요,Free
8dTW5JRx,,24.05.13,LightBlue(model),Free,정사이즈예요,아주 만족해요,화면과 비슷해요,,,,비치지도 않고 주름도 안가고 촤르르 넘 예뻐요!!,Free
QF5pMaBU,상위 10%,24.04.04,Black(model) (오늘출발),L,정사이즈예요,보통이에요,화면과 비슷해요,162.0,59.0,66.0,"개인적으로 좋아하는 재질이라 애착이 생기더라구요 그래서 자주입었네요
차라라~해서 피부에 착착해서 좋아요",L
A2h3Y5ea,,24.04.04,Ivory (오늘출발),Free,생각보다 커요,아주 만족해요,화면과 비슷해요,165.0,51.0,55.0,생각보다 조금 크지만 잘 구겨지지 않고 기본으로 입기 좋아요,Free
j32WI0ZA,,24.03.27,LightMint(model) (오늘출발),Free,정사이즈예요,보통이에요,화면과 비슷해요,163.0,48.0,44.0,배송도 빠르고 실물이 훨씬 이뻐요 다음에 여기서 다른거도 주문하고싶어요,Free
j32WI0ZA,,24.03.27,Ivory (오늘출발),Free,정사이즈예요,보통이에요,화면과 비슷해요,163.0,48.0,44.0,배송도 빠르고 실물이 훨씬 이뻐요 다음에 여기서 다른거도 주문하고싶어요,Free
55fBYvrg,,24.06.24,LightPink(model) (오늘출발),Free,정사이즈예요,아주 만족해요,화면과 비슷해요,,,,어디에나 잘 어울려서 자주 입고 다니고 있어요ㅎ,Free
55fBYvrg,,24.06.24,Ivory (오늘출발),Free,정사이즈예요,아주 만족해요,화면과 비슷해요,,,,손이 자주가는 아이템이예요 자주 입고 있어요ㅎ,Free
pkjAiUqT,,24.06.17,Black(model) (오늘출발),Free,정사이즈예요,보통이에요,화면과 비슷해요,155.0,45.0,44.0,"검정색블라우스가 없어서 샀는데 좋아요 
휘뚤마뚤 입니다.",Free
3zV7lnNt,,24.06.02,Navy(model) (오늘출발),Free,정사이즈예요,보통이에요,화면과 비슷해요,164.0,65.0,66.0,"사이즈 좀 작아요 재질도 좋고 기성비
좋게 잘 산거같습다",Free
LU9TXH1w,,24.11.30,Ivory (오늘출발),Free,정사이즈예요,보통이에요,화면과 비슷해요,164.0,52.0,55.0,와이셔츠 급하게 필요했는디 싼 가격에 잘샀습니다,Free
lco2D7Cu,,24.11.27,LightBlue(model),Free,생각보다 커요,아주 만족해요,화면과 비슷해요,156.0,58.0,55.0,"아주 마음에 들아요
다들 이 색으로 고른 이유를 알겠어요",Free
r44ssCkX,,24.10.31,LightBlue(model) (오늘출발),L,정사이즈예요,아주 만족해요,화면과 비슷해요,163.0,65.0,77.0,구김없는 소재가 넘 마음에 듭니다! 손이 자주 갈 거 같애요,L
aiL22WRf,,24.10.28,LightBeige(model) (오늘출발),L,생각보다 커요,보통이에요,화면과 비슷해요,150.0,55.0,66.0,생각보다 옷이 커요 그래도 나름 옷이 이뻐요 잘입겠습니다,L
cyqTPJvO,,24.10.25,Ivory (오늘출발),Free,생각보다 커요,보통이에요,화면과 비슷해요,152.0,47.0,44.0,생각보다 너무 커서 안에 입는거 아니면 입기 어려울 것 같아요ㅠㅠ,Free
cse1***,,24.05.06,LightBlue(model) (오늘출발),Free,정사이즈예요,아주 만족해요,화면과 비슷해요,160.0,55.0,66.0,아직 입어보지는 못했지만 엄청 마음에 들어요 화면과 색이 같아요~잘 입을께요~,Free
RVJqXKAv,,24.03.31,Wine(model),XL,생각보다 커요,보통이에요,화면보다 밝아요,173.0,57.0,66.0,생각보다 밝은 색이라 당황했어요 단독으로 입기는 좀 부담스러울수도?...,XL
MQndRcEg,상위 25%,24.03.29,Ivory (오늘출발),Free,정사이즈예요,보통이에요,화면과 비슷해요,159.0,56.0,55.0,"기본 블라우스에요 
하객룩으로 입으려고 샀는데 결국 다른거 입고 갔어요 ㅋ..",Free
w2nQAmI5,,24.10.15,Brown(model) (오늘출발),Free,정사이즈예요,보통이에요,화면과 비슷해요,154.0,49.0,55.0,항상 셔츠 살때는 이곳에서 사고 있어요~! 색깔 별로 쟁이는 중~~,Free
w2nQAmI5,,24.10.15,Ivory (오늘출발),Free,정사이즈예요,보통이에요,화면과 비슷해요,154.0,49.0,55.0,항상 셔츠 살때는 이곳에서 사고 있어요~! 색깔 별로 쟁이는 중~~,Free
ycd4D8Ne,,24.10.14,Black(model),L,정사이즈예요,아주 만족해요,화면과 비슷해요,160.0,65.0,77.0,"사이즈도잘맞고 색감도 그대로예요~ 
아주잘입고있습니다",L
pYk21y9d,,24.10.09,Brown(model) (오늘출발),L,정사이즈예요,보통이에요,화면과 비슷해요,165.0,64.0,66.0,화면과 같아요~~~또 구매 할께요~~^^!!,L
J7GwdkR3,,24.10.04,LightBlue(model),Free,정사이즈예요,아주 만족해요,화면과 비슷해요,160.0,53.0,55.0,질도 좋고 오래 입을 수 있을 것 같아요! 이쁩니다!!,Free
84t5HMCC,,24.10.02,Ivory (오늘출발),L,생각보다 커요,보통이에요,화면과 비슷해요,160.0,63.0,66.0,생각보다 오버핏이라 당황했지만 역시 아뜨랑스옷 믿고삽니다!!,L
준비된내일,,24.09.27,Ivory (오늘출발),Free,정사이즈예요,아주 만족해요,화면과 비슷해요,170.0,61.0,55.0,"쥬름안지구 넘 편하게 잘 입음
남편이 탐내는거 같음",Free
gHElKidS,,24.09.21,Black(model) (오늘출발),Free,정사이즈예요,아주 만족해요,화면과 비슷해요,162.0,48.0,44.0,필요해서 구매했는데 딱 무난해요 주름도 잘 안 지고 마음에 들어요,Free
rkdn*****,,24.09.07,Brown(model) (오늘출발),Free,정사이즈예요,보통이에요,화면과 비슷해요,159.0,58.0,55.0,딱원하는컬러 셔츠에요 ! 가을 잘입고 다닐것같아요,Free
rofj****,,24.09.12,LightBlue(model) (오늘출발),Free,정사이즈예요,보통이에요,화면과 비슷해요,162.0,50.0,,비침 없이 무난합니다. 잘 구겨지는 재질은 아닌것같아요,Free
H1N1CmhE,,24.07.16,LightBlue(model),Free,정사이즈예요,아주 만족해요,화면과 비슷해요,156.0,50.0,55.0,항상 믿고 사고있어요 주름지지않아서 너무 좋습니다,Free
tSIU2Zyc,,24.06.29,LightBeige(model) (오늘출발),Free,정사이즈예요,보통이에요,화면과 비슷해요,160.0,50.0,55.0,저렴하게 구입했어여 질도 좋은거같아요 잘입을게여,Free
hBTDfXgw,,24.06.21,DeepPink(model) (오늘출발),Free,정사이즈예요,아주 만족해요,화면과 비슷해요,173.0,53.0,44.0,"여러번 재구매했고 깔별로 쟁여놨어요♡♡♡
강추합니다!!♡♡",Free
hBTDfXgw,,24.06.21,LightBeige(model) (오늘출발),Free,정사이즈예요,아주 만족해요,화면과 비슷해요,173.0,53.0,44.0,"여러번 재구매했고 깔별로 쟁여놨어요♡♡♡
강추합니다!!♡♡",Free
jGMSj9Xo,,24.06.16,LightBlue(model),Free,정사이즈예요,보통이에요,화면과 비슷해요,,,,무난하게 입기 괜찮아 보여요 한장 더 살려고 생각중입니다,Free
hBTDfXgw,,24.05.30,LightBlue(model) (오늘출발),Free,정사이즈예요,아주 만족해요,화면과 비슷해요,173.0,53.0,44.0,"여러번 재구매했고 깔별로 쟁여놨어요♡♡♡
강추합니다!!♡♡",Free
soE6qqE8,,24.05.11,SkyBlue(model) (오늘출발),Free,정사이즈예요,아주 만족해요,화면과 비슷해요,156.0,57.0,55.0,퀄리티 너무 좋아요 이뻐요~~! 자주 이용할듯 합니다 굿,Free
vRZ8aGcc,,24.05.05,SkyBlue(model) (오늘출발),Free,정사이즈예요,아주 만족해요,화면과 비슷해요,158.0,50.0,55.0,너무 마음에 들어서 다른 색상으로 1번 더 재구매했슴당,Free
vRZ8aGcc,,24.05.05,DarkMint(model),Free,정사이즈예요,아주 만족해요,화면과 비슷해요,158.0,50.0,55.0,너무 마음에 들어서 다른 색상으로 1번 더 재구매했슴당,Free
sCx1kIlp,,24.04.03,Navy(model) (오늘출발),Free,정사이즈예요,보통이에요,화면과 비슷해요,,,,"좋아요 좋아요 좋아요 
예뻐요 쟁이고싶은 아이템",Free
916ocxSc,,24.04.02,LightBlue(model) (오늘출발),Free,정사이즈예요,보통이에요,화면과 비슷해요,160.0,50.0,55.0,"구김없어서 좋긴한데
좀 정직한 느깜이에요 
ㅎㅎ ㅠ",Free
RVJqXKAv,,24.03.31,Navy(model) (오늘출발),XL,생각보다 커요,보통이에요,화면보다 밝아요,173.0,57.0,66.0,좀더 찐한 네이비였으면 더 좋았을텐데 밝아서 앗 ㅣ워요,XL
XUluZDRW,,24.03.28,LightBlue(model) (오늘출발),Free,정사이즈예요,아주 만족해요,화면과 비슷해요,167.0,64.0,66.0,"기본 블라우스로 딱임
프리사이즈 인데도 66사이즈 잘맞음",Free
